{
    "total_runs": 495626,
    "expected_runs": 500000.7408,
    "z_statistic": 6.185406764179457,
    "p_value": 2.1815816545384886e-18,
    "passed": false
}