{
    "total_runs": 496439,
    "expected_runs": 499997.6718,
    "z_statistic": 5.031341200651886,
    "p_value": 1.115960412947795e-12,
    "passed": false
}