{
    "total_runs": 496201,
    "expected_runs": 499993.5656319999,
    "z_statistic": 5.362163267992031,
    "p_value": 3.370201263440893e-14,
    "passed": false
}