{
    "total_runs": 495092,
    "expected_runs": 499999.88995,
    "z_statistic": 6.939405722536858,
    "p_value": 9.819771601289533e-23,
    "passed": false
}