{
    "total_runs": 495069,
    "expected_runs": 499998.1678,
    "z_statistic": 6.9695212185663635,
    "p_value": 6.431954581917241e-23,
    "passed": false
}