{
    "total_runs": 494560,
    "expected_runs": 500000.999712,
    "z_statistic": 7.6933213764475115,
    "p_value": 1.43563862999771e-27,
    "passed": false
}