{
    "total_runs": 496877,
    "expected_runs": 499996.397422,
    "z_statistic": 4.410120522909101,
    "p_value": 4.464632860026261e-10,
    "passed": false
}