{
    "total_runs": 494685,
    "expected_runs": 499998.18680799997,
    "z_statistic": 7.512608898555502,
    "p_value": 2.2940097672072853e-26,
    "passed": false
}