{
    "total_runs": 494419,
    "expected_runs": 499997.1358,
    "z_statistic": 7.88732204393619,
    "p_value": 6.818334176980306e-29,
    "passed": false
}