{
    "total_runs": 494675,
    "expected_runs": 499999.23279999994,
    "z_statistic": 7.528214629151006,
    "p_value": 1.8103827489053567e-26,
    "passed": false
}