{
    "total_runs": 494988,
    "expected_runs": 499996.50000000006,
    "z_statistic": 7.081738149226698,
    "p_value": 1.308425870182424e-23,
    "passed": false
}