{
    "total_runs": 494354,
    "expected_runs": 500000.997112,
    "z_statistic": 7.984645735029057,
    "p_value": 1.4373776508679422e-29,
    "passed": false
}