{
    "total_runs": 495573,
    "expected_runs": 499999.764408,
    "z_statistic": 6.258991516781407,
    "p_value": 8.631155610674941e-19,
    "passed": false
}