{
    "total_runs": 494926,
    "expected_runs": 500000.904952,
    "z_statistic": 7.175586561360727,
    "p_value": 3.388761965553468e-24,
    "passed": false
}