{
    "total_runs": 495117,
    "expected_runs": 499998.744312,
    "z_statistic": 6.9024459400346885,
    "p_value": 1.64647859522856e-22,
    "passed": false
}