{
    "total_runs": 494086,
    "expected_runs": 499999.06348799996,
    "z_statistic": 8.36095274851098,
    "p_value": 2.9277255955600175e-32,
    "passed": false
}