{
    "total_runs": 495014,
    "expected_runs": 499995.640462,
    "z_statistic": 7.043764793314716,
    "p_value": 2.2490128102822425e-23,
    "passed": false
}