{
    "total_runs": 495962,
    "expected_runs": 499994.440558,
    "z_statistic": 5.701392708934148,
    "p_value": 7.445250901499762e-16,
    "passed": false
}