{
    "total_runs": 495742,
    "expected_runs": 499996.403488,
    "z_statistic": 6.015276197553053,
    "p_value": 1.7866831183664944e-17,
    "passed": false
}