{
    "total_runs": 495305,
    "expected_runs": 499996.97287800006,
    "z_statistic": 6.634090897378838,
    "p_value": 6.471989090729209e-21,
    "passed": false
}