{
    "total_runs": 495170,
    "expected_runs": 500000.753598,
    "z_statistic": 6.830306407214145,
    "p_value": 4.479930722581835e-22,
    "passed": false
}