{
    "total_runs": 494769,
    "expected_runs": 500000.91180000006,
    "z_statistic": 7.3976277160790715,
    "p_value": 1.2933948549279718e-25,
    "passed": false
}