{
    "total_runs": 495121,
    "expected_runs": 499996.5059979999,
    "z_statistic": 6.89365445243428,
    "p_value": 1.8611155764016646e-22,
    "passed": false
}