{
    "total_runs": 495204,
    "expected_runs": 499999.18358199997,
    "z_statistic": 6.780024072886313,
    "p_value": 8.94597835487922e-22,
    "passed": false
}