{
    "total_runs": 496044,
    "expected_runs": 499998.943608,
    "z_statistic": 5.5917436729259204,
    "p_value": 2.6172545315704348e-15,
    "passed": false
}