{
    "total_runs": 495238,
    "expected_runs": 500000.89511800004,
    "z_statistic": 6.734338071095582,
    "p_value": 1.6697213014435575e-21,
    "passed": false
}