{
    "total_runs": 494958,
    "expected_runs": 499996.60142200004,
    "z_statistic": 7.124306926461864,
    "p_value": 7.10498137754757e-24,
    "passed": false
}