{
    "total_runs": 494980,
    "expected_runs": 499993.886008,
    "z_statistic": 7.089392246903383,
    "p_value": 1.1726871814762278e-23,
    "passed": false
}