{
    "total_runs": 494571,
    "expected_runs": 499995.699232,
    "z_statistic": 7.670350329622072,
    "p_value": 2.049244252198472e-27,
    "passed": false
}