{
    "total_runs": 495057,
    "expected_runs": 499999.98326199997,
    "z_statistic": 6.989033966174012,
    "p_value": 4.88499151119897e-23,
    "passed": false
}