{
    "total_runs": 493911,
    "expected_runs": 499994.53439199994,
    "z_statistic": 8.602113866559574,
    "p_value": 4.761252191675159e-34,
    "passed": false
}