{
    "total_runs": 493970,
    "expected_runs": 499999.122078,
    "z_statistic": 8.52508401723392,
    "p_value": 1.7969800279917313e-33,
    "passed": false
}