{
    "total_runs": 494569,
    "expected_runs": 499998.6412079999,
    "z_statistic": 7.677294239891388,
    "p_value": 1.8404466191212494e-27,
    "passed": false
}