{
    "total_runs": 494622,
    "expected_runs": 499995.84794999997,
    "z_statistic": 7.598432734469173,
    "p_value": 6.2017431270545005e-27,
    "passed": false
}