{
    "total_runs": 495651,
    "expected_runs": 500000.436078,
    "z_statistic": 6.149624212436838,
    "p_value": 3.411279530871028e-18,
    "passed": false
}