{
    "total_runs": 494587,
    "expected_runs": 499994.691648,
    "z_statistic": 7.646313127440329,
    "p_value": 2.9704936111110833e-27,
    "passed": false
}