{
    "total_runs": 494718,
    "expected_runs": 500000.86995,
    "z_statistic": 7.469694060848358,
    "p_value": 4.3880955341795e-26,
    "passed": false
}