{
    "total_runs": 495039,
    "expected_runs": 499996.463928,
    "z_statistic": 7.00956210014739,
    "p_value": 3.6543806574517966e-23,
    "passed": false
}