{
    "total_runs": 494558,
    "expected_runs": 500000.912638,
    "z_statistic": 7.696028002589914,
    "p_value": 1.3765915114856388e-27,
    "passed": false
}