{
    "total_runs": 494849,
    "expected_runs": 499999.43000799994,
    "z_statistic": 7.282416622476183,
    "p_value": 7.127726324689267e-25,
    "passed": false
}