{
    "total_runs": 495898,
    "expected_runs": 500000.6638,
    "z_statistic": 5.800632474600014,
    "p_value": 2.338121521368696e-16,
    "passed": false
}