{
    "total_runs": 495631,
    "expected_runs": 500000.347918,
    "z_statistic": 6.177784927644595,
    "p_value": 2.4000342786088482e-18,
    "passed": false
}