{
    "total_runs": 494846,
    "expected_runs": 499999.7800779999,
    "z_statistic": 7.287149249740761,
    "p_value": 6.648571457854052e-25,
    "passed": false
}