{
    "total_runs": 496359,
    "expected_runs": 500000.9819499999,
    "z_statistic": 5.149126239928995,
    "p_value": 3.2899448395287375e-13,
    "passed": false
}