{
    "total_runs": 494331,
    "expected_runs": 500000.077918,
    "z_statistic": 8.015887446834107,
    "p_value": 8.68567480036783e-30,
    "passed": false
}