{
    "total_runs": 494724,
    "expected_runs": 500000.99884799996,
    "z_statistic": 7.461389143097408,
    "p_value": 4.9728347324035345e-26,
    "passed": false
}