{
    "total_runs": 495236,
    "expected_runs": 499997.651128,
    "z_statistic": 6.732622484326218,
    "p_value": 1.709173496902844e-21,
    "passed": false
}