{
    "total_runs": 495591,
    "expected_runs": 499997.322528,
    "z_statistic": 6.2301126878552475,
    "p_value": 1.2435584972737494e-18,
    "passed": false
}