{
    "total_runs": 494525,
    "expected_runs": 500000.999608,
    "z_statistic": 7.742818705691326,
    "p_value": 6.644818522198575e-28,
    "passed": false
}