{
    "total_runs": 495300,
    "expected_runs": 500000.999928,
    "z_statistic": 6.646803642287275,
    "p_value": 5.456314539956086e-21,
    "passed": false
}