{
    "total_runs": 494289,
    "expected_runs": 499997.62519799994,
    "z_statistic": 8.071855445781736,
    "p_value": 3.50581159680163e-30,
    "passed": false
}