{
    "total_runs": 495707,
    "expected_runs": 499998.14395,
    "z_statistic": 6.06721441515834,
    "p_value": 9.459566175619163e-18,
    "passed": false
}