{
    "total_runs": 495533,
    "expected_runs": 500000.93155000004,
    "z_statistic": 6.317196045026462,
    "p_value": 4.1138178315004604e-19,
    "passed": false
}