{
    "total_runs": 494611,
    "expected_runs": 499997.8248,
    "z_statistic": 7.61675484616534,
    "p_value": 4.6818229771821825e-27,
    "passed": false
}