{
    "total_runs": 494883,
    "expected_runs": 499998.201022,
    "z_statistic": 7.232612933863702,
    "p_value": 1.4785281486202526e-24,
    "passed": false
}