{
    "total_runs": 494376,
    "expected_runs": 500000.697358,
    "z_statistic": 7.953113888257895,
    "p_value": 2.3851553531815564e-29,
    "passed": false
}