{
    "total_runs": 494767,
    "expected_runs": 500000.804062,
    "z_statistic": 7.400305373723505,
    "p_value": 1.2427057573693356e-25,
    "passed": false
}