{
    "total_runs": 494837,
    "expected_runs": 500000.995198,
    "z_statistic": 7.3015779016031015,
    "p_value": 5.3761033829147825e-25,
    "passed": false
}