{
    "total_runs": 495051,
    "expected_runs": 500000.692672,
    "z_statistic": 6.998512594436472,
    "p_value": 4.272742479845042e-23,
    "passed": false
}