{
    "total_runs": 495576,
    "expected_runs": 500000.97878199996,
    "z_statistic": 6.2564510586539095,
    "p_value": 8.913523079365781e-19,
    "passed": false
}