{
    "total_runs": 495180,
    "expected_runs": 500000.83411200007,
    "z_statistic": 6.816277031056108,
    "p_value": 5.436170027383327e-22,
    "passed": false
}