{
    "total_runs": 495133,
    "expected_runs": 500000.463352,
    "z_statistic": 6.882225859855507,
    "p_value": 2.181997979597328e-22,
    "passed": false
}