{
    "total_runs": 495471,
    "expected_runs": 499994.6632,
    "z_statistic": 6.39609269700612,
    "p_value": 1.490622017071279e-19,
    "passed": false
}