{
    "total_runs": 495825,
    "expected_runs": 500000.89875000005,
    "z_statistic": 5.904199629384979,
    "p_value": 6.83791218842359e-17,
    "passed": false
}