{
    "total_runs": 495113,
    "expected_runs": 499999.27019999997,
    "z_statistic": 6.908839274517434,
    "p_value": 1.5059611188502226e-22,
    "passed": false
}