{
    "total_runs": 495403,
    "expected_runs": 499998.6715180001,
    "z_statistic": 6.497877035784515,
    "p_value": 3.9509065103897397e-20,
    "passed": false
}