{
    "total_runs": 494788,
    "expected_runs": 500000.899648,
    "z_statistic": 7.37074064726632,
    "p_value": 1.9307834130699e-25,
    "passed": false
}