{
    "total_runs": 495337,
    "expected_runs": 499994.720032,
    "z_statistic": 6.5856793411398895,
    "p_value": 1.2362139185664865e-20,
    "passed": false
}