{
    "total_runs": 495363,
    "expected_runs": 500000.963008,
    "z_statistic": 6.5576564592975854,
    "p_value": 1.7941624313108908e-20,
    "passed": false
}