{
    "total_runs": 494818,
    "expected_runs": 499997.89995,
    "z_statistic": 7.324115957714681,
    "p_value": 3.8547349494049664e-25,
    "passed": false
}