{
    "total_runs": 494986,
    "expected_runs": 499996.336542,
    "z_statistic": 7.084337751210668,
    "p_value": 1.260664026778595e-23,
    "passed": false
}