{
    "total_runs": 495566,
    "expected_runs": 499993.734328,
    "z_statistic": 6.260438696268424,
    "p_value": 8.474273321570903e-19,
    "passed": false
}