{
    "total_runs": 495227,
    "expected_runs": 499996.777582,
    "z_statistic": 6.744126885450699,
    "p_value": 1.4612560513459154e-21,
    "passed": false
}