{
    "total_runs": 494470,
    "expected_runs": 499999.7832,
    "z_statistic": 7.818899212933652,
    "p_value": 2.014298966611518e-28,
    "passed": false
}