{
    "total_runs": 494428,
    "expected_runs": 500000.27278199996,
    "z_statistic": 7.8789809874580135,
    "p_value": 7.784733076521871e-29,
    "passed": false
}