{
    "total_runs": 496413,
    "expected_runs": 499998.09595,
    "z_statistic": 5.0687065408909255,
    "p_value": 7.597162894174235e-13,
    "passed": false
}