{
    "total_runs": 495841,
    "expected_runs": 499994.132782,
    "z_statistic": 5.872083142828442,
    "p_value": 1.0034234307288375e-16,
    "passed": false
}