{
    "total_runs": 494357,
    "expected_runs": 499999.665022,
    "z_statistic": 7.978540490830321,
    "p_value": 1.5857109917069585e-29,
    "passed": false
}