{
    "total_runs": 494588,
    "expected_runs": 499997.884992,
    "z_statistic": 7.64936616867632,
    "p_value": 2.8338526489042096e-27,
    "passed": false
}