{
    "total_runs": 496244,
    "expected_runs": 500000.852032,
    "z_statistic": 5.311578453808263,
    "p_value": 5.836161448387186e-14,
    "passed": false
}