{
    "total_runs": 494864,
    "expected_runs": 499994.476728,
    "z_statistic": 7.2542701997700885,
    "p_value": 1.0772002880133423e-24,
    "passed": false
}