{
    "total_runs": 494270,
    "expected_runs": 499993.85579999996,
    "z_statistic": 8.093455930401191,
    "p_value": 2.4660321998129384e-30,
    "passed": false
}