{
    "total_runs": 495185,
    "expected_runs": 500000.3839500001,
    "z_statistic": 6.808575465407332,
    "p_value": 6.0442949554483405e-22,
    "passed": false
}