{
    "total_runs": 494571,
    "expected_runs": 499999.37639800005,
    "z_statistic": 7.675494234050887,
    "p_value": 1.892453328006411e-27,
    "passed": false
}