{
    "total_runs": 495148,
    "expected_runs": 499999.96031800006,
    "z_statistic": 6.86030813732715,
    "p_value": 2.9581720832966484e-22,
    "passed": false
}