{
    "total_runs": 494950,
    "expected_runs": 499995.23359200003,
    "z_statistic": 7.133705829301127,
    "p_value": 6.205852578338177e-24,
    "passed": false
}