{
    "total_runs": 496181,
    "expected_runs": 500000.99927800003,
    "z_statistic": 5.400880581439575,
    "p_value": 2.2062431661465584e-14,
    "passed": false
}