{
    "total_runs": 495548,
    "expected_runs": 499993.246078,
    "z_statistic": 6.285210548095717,
    "p_value": 6.186697262804936e-19,
    "passed": false
}