{
    "total_runs": 495801,
    "expected_runs": 499998.740062,
    "z_statistic": 5.935113539412144,
    "p_value": 4.7180714069684955e-17,
    "passed": false
}