{
    "total_runs": 494666,
    "expected_runs": 500000.444542,
    "z_statistic": 7.542637984698396,
    "p_value": 1.4539503934945016e-26,
    "passed": false
}