{
    "total_runs": 496130,
    "expected_runs": 499995.541792,
    "z_statistic": 5.465347076606301,
    "p_value": 1.0825177157484025e-14,
    "passed": false
}