{
    "total_runs": 495528,
    "expected_runs": 499997.46751800005,
    "z_statistic": 6.319412013397686,
    "p_value": 3.998849701733933e-19,
    "passed": false
}