{
    "total_runs": 495384,
    "expected_runs": 499997.02379999997,
    "z_statistic": 6.522438476987195,
    "p_value": 2.858962291693047e-20,
    "passed": false
}