{
    "total_runs": 494251,
    "expected_runs": 499996.000878,
    "z_statistic": 8.123325162937624,
    "p_value": 1.5137619656053643e-30,
    "passed": false
}