{
    "total_runs": 494686,
    "expected_runs": 500000.92,
    "z_statistic": 7.515018935768643,
    "p_value": 2.2117163243360357e-26,
    "passed": false
}