{
    "total_runs": 495330,
    "expected_runs": 499994.28022200003,
    "z_statistic": 6.594962768470105,
    "p_value": 1.0923310034191108e-20,
    "passed": false
}