{
    "total_runs": 496926,
    "expected_runs": 499998.828472,
    "z_statistic": 4.344240353665387,
    "p_value": 8.062936175236305e-10,
    "passed": false
}