{
    "total_runs": 495532,
    "expected_runs": 500000.363808,
    "z_statistic": 6.317814524014423,
    "p_value": 4.08140558153086e-19,
    "passed": false
}