{
    "total_runs": 495980,
    "expected_runs": 499994.61326199997,
    "z_statistic": 5.676178813774724,
    "p_value": 9.96176280479465e-16,
    "passed": false
}