{
    "total_runs": 494400,
    "expected_runs": 499993.953742,
    "z_statistic": 7.90974250383452,
    "p_value": 4.771415201666029e-29,
    "passed": false
}