{
    "total_runs": 494465,
    "expected_runs": 499998.51355000003,
    "z_statistic": 7.824194605360318,
    "p_value": 1.8529306496042981e-28,
    "passed": false
}