{
    "total_runs": 495021,
    "expected_runs": 499997.035072,
    "z_statistic": 7.0358178651267185,
    "p_value": 2.5180579566515097e-23,
    "passed": false
}