{
    "total_runs": 495769,
    "expected_runs": 499997.87999800005,
    "z_statistic": 5.979162543255786,
    "p_value": 2.7715003311465924e-17,
    "passed": false
}