{
    "total_runs": 494711,
    "expected_runs": 499999.63214199996,
    "z_statistic": 7.477861545361716,
    "p_value": 3.879620379107268e-26,
    "passed": false
}