{
    "total_runs": 495661,
    "expected_runs": 500000.94014200004,
    "z_statistic": 6.1361887297414635,
    "p_value": 4.03209453338613e-18,
    "passed": false
}