{
    "total_runs": 495956,
    "expected_runs": 499999.841758,
    "z_statistic": 5.717454889084691,
    "p_value": 6.180701920072221e-16,
    "passed": false
}