{
    "total_runs": 495932,
    "expected_runs": 500000.9422,
    "z_statistic": 5.75293969522966,
    "p_value": 4.089387144849228e-16,
    "passed": false
}