{
    "total_runs": 495620,
    "expected_runs": 499998.414462,
    "z_statistic": 6.190630912511483,
    "p_value": 2.0433127397466884e-18,
    "passed": false
}