{
    "total_runs": 498938,
    "expected_runs": 500000.62847800006,
    "z_statistic": 1.5013705073735344,
    "p_value": 0.03373219340779384,
    "passed": true
}