{
    "total_runs": 494082,
    "expected_runs": 499995.918328,
    "z_statistic": 8.36221428072238,
    "p_value": 2.8661804009499e-32,
    "passed": false
}