{
    "total_runs": 494641,
    "expected_runs": 499997.969278,
    "z_statistic": 7.574530305192511,
    "p_value": 8.940569016868397e-27,
    "passed": false
}