{
    "total_runs": 495072,
    "expected_runs": 499994.404288,
    "z_statistic": 6.960008502433933,
    "p_value": 7.353123291997984e-23,
    "passed": false
}