{
    "total_runs": 495177,
    "expected_runs": 500000.57680000004,
    "z_statistic": 6.820159288728718,
    "p_value": 5.152988598102498e-22,
    "passed": false
}