{
    "total_runs": 495056,
    "expected_runs": 500000.83295799996,
    "z_statistic": 6.9916379551050065,
    "p_value": 4.708628988410307e-23,
    "passed": false
}