{
    "total_runs": 495843,
    "expected_runs": 499997.904928,
    "z_statistic": 5.874545050265835,
    "p_value": 9.744234252037805e-17,
    "passed": false
}