{
    "total_runs": 495455,
    "expected_runs": 499995.22000000003,
    "z_statistic": 6.419500696023288,
    "p_value": 1.1003595977779476e-19,
    "passed": false
}