{
    "total_runs": 494002,
    "expected_runs": 500000.992312,
    "z_statistic": 8.482442205066011,
    "p_value": 3.729546501715987e-33,
    "passed": false
}