{
    "total_runs": 495310,
    "expected_runs": 499993.488312,
    "z_statistic": 6.62213796335245,
    "p_value": 7.596584977407499e-21,
    "passed": false
}