{
    "total_runs": 493295,
    "expected_runs": 499995.062542,
    "z_statistic": 9.474017605245267,
    "p_value": 6.187716732150141e-41,
    "passed": false
}