{
    "total_runs": 494578,
    "expected_runs": 500000.381728,
    "z_statistic": 7.66700104712344,
    "p_value": 2.1581897885179163e-27,
    "passed": false
}