{
    "total_runs": 495568,
    "expected_runs": 499996.26911200007,
    "z_statistic": 6.261163264190289,
    "p_value": 8.396787598195183e-19,
    "passed": false
}