{
    "total_runs": 495621,
    "expected_runs": 500000.403768,
    "z_statistic": 6.192005373994585,
    "p_value": 2.008395961068679e-18,
    "passed": false
}