{
    "total_runs": 495275,
    "expected_runs": 500000.23862200003,
    "z_statistic": 6.681092504792927,
    "p_value": 3.437483175369326e-21,
    "passed": false
}