{
    "total_runs": 494875,
    "expected_runs": 499998.22934200004,
    "z_statistic": 7.243966346148483,
    "p_value": 1.2525088324474288e-24,
    "passed": false
}