{
    "total_runs": 495267,
    "expected_runs": 499995.574782,
    "z_statistic": 6.685872918473608,
    "p_value": 3.2224433291982453e-21,
    "passed": false
}