{
    "total_runs": 494099,
    "expected_runs": 499997.879998,
    "z_statistic": 8.340913929756873,
    "p_value": 4.1011930062655496e-32,
    "passed": false
}