{
    "total_runs": 494755,
    "expected_runs": 499997.0238,
    "z_statistic": 7.411985881756736,
    "p_value": 1.0436522752406152e-25,
    "passed": false
}