{
    "total_runs": 494928,
    "expected_runs": 499996.523968,
    "z_statistic": 7.166625279284519,
    "p_value": 3.858257664703522e-24,
    "passed": false
}