{
    "total_runs": 495990,
    "expected_runs": 499999.318222,
    "z_statistic": 5.668637058637763,
    "p_value": 1.0865634231399664e-15,
    "passed": false
}