{
    "total_runs": 495422,
    "expected_runs": 500000.16795,
    "z_statistic": 6.473103764041392,
    "p_value": 5.4685453039956e-20,
    "passed": false
}