{
    "total_runs": 494646,
    "expected_runs": 499995.47551200003,
    "z_statistic": 7.563970181215827,
    "p_value": 1.0504833251886658e-26,
    "passed": false
}