{
    "total_runs": 495795,
    "expected_runs": 500000.21374199993,
    "z_statistic": 5.945665442705687,
    "p_value": 4.154973653832918e-17,
    "passed": false
}