{
    "total_runs": 494272,
    "expected_runs": 499998.658552,
    "z_statistic": 8.097341896765887,
    "p_value": 2.3145623145865987e-30,
    "passed": false
}