{
    "total_runs": 495635,
    "expected_runs": 499999.369182,
    "z_statistic": 6.170756001585112,
    "p_value": 2.6205660642463237e-18,
    "passed": false
}