{
    "total_runs": 494514,
    "expected_runs": 500000.57311199995,
    "z_statistic": 7.757778515784631,
    "p_value": 5.25958454483835e-28,
    "passed": false
}