{
    "total_runs": 494675,
    "expected_runs": 499996.04504799994,
    "z_statistic": 7.523754419001354,
    "p_value": 1.9372236575437854e-26,
    "passed": false
}