{
    "total_runs": 494721,
    "expected_runs": 499997.944608,
    "z_statistic": 7.461358013709958,
    "p_value": 4.9751657292705593e-26,
    "passed": false
}