{
    "total_runs": 496107,
    "expected_runs": 499998.280888,
    "z_statistic": 5.501717912824812,
    "p_value": 7.217905072592433e-15,
    "passed": false
}