{
    "total_runs": 495159,
    "expected_runs": 499999.44062199997,
    "z_statistic": 6.844023906772263,
    "p_value": 3.7064125332655e-22,
    "passed": false
}