{
    "total_runs": 495248,
    "expected_runs": 500000.99874999997,
    "z_statistic": 6.720341097430806,
    "p_value": 2.0198404165431903e-21,
    "passed": false
}