{
    "total_runs": 494993,
    "expected_runs": 499999.031872,
    "z_statistic": 7.078211815145757,
    "p_value": 1.3760899393844518e-23,
    "passed": false
}