{
    "total_runs": 495353,
    "expected_runs": 499996.921632,
    "z_statistic": 6.566136299250175,
    "p_value": 1.6031761552067753e-20,
    "passed": false
}