{
    "total_runs": 494978,
    "expected_runs": 500000.598592,
    "z_statistic": 7.101618534893057,
    "p_value": 9.842296778257694e-24,
    "passed": false
}