{
    "total_runs": 494736,
    "expected_runs": 499996.445838,
    "z_statistic": 7.438047382811797,
    "p_value": 7.062847475195917e-26,
    "passed": false
}