{
    "total_runs": 494848,
    "expected_runs": 500000.806558,
    "z_statistic": 7.285757523789241,
    "p_value": 6.786063804013506e-25,
    "passed": false
}