{
    "total_runs": 495333,
    "expected_runs": 499995.69271800003,
    "z_statistic": 6.592699044037481,
    "p_value": 1.1258102660025682e-20,
    "passed": false
}