{
    "total_runs": 495001,
    "expected_runs": 499997.483448,
    "z_statistic": 7.064730129753624,
    "p_value": 1.6682696237872962e-23,
    "passed": false
}