{
    "total_runs": 494894,
    "expected_runs": 499998.584398,
    "z_statistic": 7.217593142032154,
    "p_value": 1.840665113811898e-24,
    "passed": false
}