{
    "total_runs": 495156,
    "expected_runs": 499998.21991800005,
    "z_statistic": 6.846556934445818,
    "p_value": 3.578784733894032e-22,
    "passed": false
}