{
    "total_runs": 495124,
    "expected_runs": 499999.198798,
    "z_statistic": 6.893182877863806,
    "p_value": 1.8733806674315182e-22,
    "passed": false
}