{
    "total_runs": 495135,
    "expected_runs": 500000.824768,
    "z_statistic": 6.8799035766326595,
    "p_value": 2.253605176581147e-22,
    "passed": false
}