{
    "total_runs": 494817,
    "expected_runs": 499995.13811199996,
    "z_statistic": 7.321664769826687,
    "p_value": 3.996946001962246e-25,
    "passed": false
}