{
    "total_runs": 495444,
    "expected_runs": 500000.2558,
    "z_statistic": 6.442114120881339,
    "p_value": 8.198415016035405e-20,
    "passed": false
}