{
    "total_runs": 494883,
    "expected_runs": 500000.645518,
    "z_statistic": 7.236034615499162,
    "p_value": 1.4064596328595761e-24,
    "passed": false
}