{
    "total_runs": 494858,
    "expected_runs": 499993.449502,
    "z_statistic": 7.26131777417885,
    "p_value": 9.715255056616116e-25,
    "passed": false
}