{
    "total_runs": 495288,
    "expected_runs": 499996.62511799997,
    "z_statistic": 6.657645541271076,
    "p_value": 4.7158688189415795e-21,
    "passed": false
}