{
    "total_runs": 493997,
    "expected_runs": 499999.04375799996,
    "z_statistic": 8.486790675390672,
    "p_value": 3.462499790673422e-33,
    "passed": false
}