{
    "total_runs": 494972,
    "expected_runs": 499996.25680000003,
    "z_statistic": 7.104025285468387,
    "p_value": 9.5083201109458e-24,
    "passed": false
}