{
    "total_runs": 494263,
    "expected_runs": 499999.5787019999,
    "z_statistic": 8.111356245735367,
    "p_value": 1.8410984785610263e-30,
    "passed": false
}