{
    "total_runs": 495459,
    "expected_runs": 499996.22595,
    "z_statistic": 6.415253513960843,
    "p_value": 1.162758527425068e-19,
    "passed": false
}