{
    "total_runs": 494777,
    "expected_runs": 499998.0232,
    "z_statistic": 7.382271556434135,
    "p_value": 1.6262463189634985e-25,
    "passed": false
}