{
    "total_runs": 496373,
    "expected_runs": 499999.87199799996,
    "z_statistic": 5.127768923267575,
    "p_value": 4.113893047467873e-13,
    "passed": false
}