{
    "total_runs": 495376,
    "expected_runs": 500000.74652800005,
    "z_statistic": 6.538968363763954,
    "p_value": 2.298094226024906e-20,
    "passed": false
}