{
    "total_runs": 494221,
    "expected_runs": 499999.85087200004,
    "z_statistic": 8.171133843909052,
    "p_value": 6.905951415546785e-31,
    "passed": false
}