{
    "total_runs": 496261,
    "expected_runs": 499997.557312,
    "z_statistic": 5.2829121884892025,
    "p_value": 7.948726390185405e-14,
    "passed": false
}