{
    "total_runs": 495038,
    "expected_runs": 499999.907758,
    "z_statistic": 7.015798358944788,
    "p_value": 3.3454084515277835e-23,
    "passed": false
}