{
    "total_runs": 495047,
    "expected_runs": 499999.91366200004,
    "z_statistic": 7.003078675922033,
    "p_value": 4.005562154046314e-23,
    "passed": false
}