{
    "total_runs": 495968,
    "expected_runs": 499995.335022,
    "z_statistic": 5.694162109376349,
    "p_value": 8.094669040078528e-16,
    "passed": false
}