{
    "total_runs": 495450,
    "expected_runs": 499997.758942,
    "z_statistic": 6.430129841465051,
    "p_value": 9.583328670813e-20,
    "passed": false
}