{
    "total_runs": 495261,
    "expected_runs": 499996.52995,
    "z_statistic": 6.695696326946338,
    "p_value": 2.82144778256604e-21,
    "passed": false
}