{
    "total_runs": 493209,
    "expected_runs": 499998.786592,
    "z_statistic": 9.600836571599958,
    "p_value": 5.4354543467733945e-42,
    "passed": false
}