{
    "total_runs": 494585,
    "expected_runs": 499998.26687800005,
    "z_statistic": 7.65414306146395,
    "p_value": 2.632462894287527e-27,
    "passed": false
}