{
    "total_runs": 494800,
    "expected_runs": 499996.68407799996,
    "z_statistic": 7.347870314583784,
    "p_value": 2.7117607387323405e-25,
    "passed": false
}