{
    "total_runs": 495145,
    "expected_runs": 499997.914872,
    "z_statistic": 6.861686153822272,
    "p_value": 2.9021899643834536e-22,
    "passed": false
}