{
    "total_runs": 494274,
    "expected_runs": 499999.28875,
    "z_statistic": 8.095394491677387,
    "p_value": 2.389278442385996e-30,
    "passed": false
}