{
    "total_runs": 495227,
    "expected_runs": 500000.95194999996,
    "z_statistic": 6.749974028917556,
    "p_value": 1.3492459455165528e-21,
    "passed": false
}