{
    "total_runs": 495227,
    "expected_runs": 499997.72831800004,
    "z_statistic": 6.7454586141417225,
    "p_value": 1.4349623053076157e-21,
    "passed": false
}