{
    "total_runs": 494592,
    "expected_runs": 499998.995998,
    "z_statistic": 7.645263500753006,
    "p_value": 3.018963657734887e-27,
    "passed": false
}