{
    "total_runs": 495339,
    "expected_runs": 499999.422912,
    "z_statistic": 6.589439859235369,
    "p_value": 1.1758011519337375e-20,
    "passed": false
}