{
    "total_runs": 495109,
    "expected_runs": 499996.57171199995,
    "z_statistic": 6.91071719391108,
    "p_value": 1.4669903727483476e-22,
    "passed": false
}