{
    "total_runs": 495612,
    "expected_runs": 500000.32255200006,
    "z_statistic": 6.204619462157908,
    "p_value": 1.7142556969399042e-18,
    "passed": false
}