{
    "total_runs": 495047,
    "expected_runs": 499996.04504799994,
    "z_statistic": 6.9976617602708195,
    "p_value": 4.3244437859178003e-23,
    "passed": false
}