{
    "total_runs": 495138,
    "expected_runs": 499997.66147200007,
    "z_statistic": 6.871230828275146,
    "p_value": 2.542193719787589e-22,
    "passed": false
}