{
    "total_runs": 495612,
    "expected_runs": 499998.3273279999,
    "z_statistic": 6.201822533577732,
    "p_value": 1.7755651818529053e-18,
    "passed": false
}