{
    "total_runs": 493956,
    "expected_runs": 500000.64214199997,
    "z_statistic": 8.547006800575456,
    "p_value": 1.2328216664323038e-33,
    "passed": false
}