{
    "total_runs": 495175,
    "expected_runs": 499995.873598,
    "z_statistic": 6.81640049843387,
    "p_value": 5.426931320399649e-22,
    "passed": false
}