{
    "total_runs": 494900,
    "expected_runs": 499993.5656319999,
    "z_statistic": 7.202082469912303,
    "p_value": 2.3068838643281732e-24,
    "passed": false
}