{
    "total_runs": 496007,
    "expected_runs": 500000.886712,
    "z_statistic": 5.6467958205581334,
    "p_value": 1.3964192204103947e-15,
    "passed": false
}