{
    "total_runs": 494943,
    "expected_runs": 499996.523968,
    "z_statistic": 7.1454118859452675,
    "p_value": 5.242150097478117e-24,
    "passed": false
}