{
    "total_runs": 495726,
    "expected_runs": 499994.404288,
    "z_statistic": 6.035100631790045,
    "p_value": 1.4025102757104967e-17,
    "passed": false
}