{
    "total_runs": 493759,
    "expected_runs": 499999.980408,
    "z_statistic": 8.824682917088213,
    "p_value": 9.600321024651207e-36,
    "passed": false
}