{
    "total_runs": 495613,
    "expected_runs": 499999.11431800004,
    "z_statistic": 6.201511529229423,
    "p_value": 1.7825148379080297e-18,
    "passed": false
}