{
    "total_runs": 494222,
    "expected_runs": 499998.58,
    "z_statistic": 8.167943099415425,
    "p_value": 7.278336298082225e-31,
    "passed": false
}