{
    "total_runs": 495352,
    "expected_runs": 499999.09875,
    "z_statistic": 6.5706008490844185,
    "p_value": 1.510849912718955e-20,
    "passed": false
}