{
    "total_runs": 494986,
    "expected_runs": 500000.02838199993,
    "z_statistic": 7.089506502969815,
    "p_value": 1.1707704260158357e-23,
    "passed": false
}