{
    "total_runs": 494933,
    "expected_runs": 500000.446648,
    "z_statistic": 7.165045492225787,
    "p_value": 3.947462826859176e-24,
    "passed": false
}