{
    "total_runs": 494764,
    "expected_runs": 500000.683192,
    "z_statistic": 7.404378869948216,
    "p_value": 1.1693447559752077e-25,
    "passed": false
}