{
    "total_runs": 494556,
    "expected_runs": 499999.07135200006,
    "z_statistic": 7.69628080023371,
    "p_value": 1.3712010992343124e-27,
    "passed": false
}