{
    "total_runs": 495183,
    "expected_runs": 499999.33651199995,
    "z_statistic": 6.809936859157176,
    "p_value": 5.932103373971685e-22,
    "passed": false
}