{
    "total_runs": 496099,
    "expected_runs": 500000.70046200004,
    "z_statistic": 5.516426800874352,
    "p_value": 6.122139634219994e-15,
    "passed": false
}