{
    "total_runs": 495419,
    "expected_runs": 499999.966078,
    "z_statistic": 6.477063536273322,
    "p_value": 5.192084076443328e-20,
    "passed": false
}