{
    "total_runs": 494904,
    "expected_runs": 500000.37055800005,
    "z_statistic": 7.205951219896936,
    "p_value": 2.1806639885837047e-24,
    "passed": false
}