{
    "total_runs": 494702,
    "expected_runs": 499998.99199199997,
    "z_statistic": 7.489693780035712,
    "p_value": 3.244897219701783e-26,
    "passed": false
}