{
    "total_runs": 495717,
    "expected_runs": 499994.35334200005,
    "z_statistic": 6.047757288504703,
    "p_value": 1.2011674305061252e-17,
    "passed": false
}