{
    "total_runs": 494808,
    "expected_runs": 499995.508702,
    "z_statistic": 7.334911504104252,
    "p_value": 3.2857777213067734e-25,
    "passed": false
}