{
    "total_runs": 494373,
    "expected_runs": 499995.20639199996,
    "z_statistic": 7.949678431105793,
    "p_value": 2.5201617862539922e-29,
    "passed": false
}