{
    "total_runs": 495304,
    "expected_runs": 499996.403488,
    "z_statistic": 6.634707432318676,
    "p_value": 6.41867613436995e-21,
    "passed": false
}