{
    "total_runs": 495725,
    "expected_runs": 500000.48387199995,
    "z_statistic": 6.045039303955487,
    "p_value": 1.2418472237940715e-17,
    "passed": false
}