{
    "total_runs": 495949,
    "expected_runs": 500000.871982,
    "z_statistic": 5.728799563160521,
    "p_value": 5.417594639611354e-16,
    "passed": false
}