{
    "total_runs": 494912,
    "expected_runs": 499999.957432,
    "z_statistic": 7.1940591921408545,
    "p_value": 2.5921716015071836e-24,
    "passed": false
}