{
    "total_runs": 495089,
    "expected_runs": 499997.06318200007,
    "z_statistic": 6.939689943998746,
    "p_value": 9.780718810586189e-23,
    "passed": false
}