{
    "total_runs": 495131,
    "expected_runs": 500000.584128,
    "z_statistic": 6.885223430115289,
    "p_value": 2.0928888711758868e-22,
    "passed": false
}