{
    "total_runs": 494287,
    "expected_runs": 499998.455232,
    "z_statistic": 8.07584433871926,
    "p_value": 3.2855164521183154e-30,
    "passed": false
}