{
    "total_runs": 495905,
    "expected_runs": 499997.34419200005,
    "z_statistic": 5.786076750234204,
    "p_value": 2.7744248064988055e-16,
    "passed": false
}