{
    "total_runs": 495789,
    "expected_runs": 500000.144568,
    "z_statistic": 5.954053734193188,
    "p_value": 3.755101127076308e-17,
    "passed": false
}