{
    "total_runs": 495547,
    "expected_runs": 499998.509088,
    "z_statistic": 6.294001667322864,
    "p_value": 5.531458888656287e-19,
    "passed": false
}