{
    "total_runs": 495631,
    "expected_runs": 499998.60195000004,
    "z_statistic": 6.175337316710165,
    "p_value": 2.474665327635244e-18,
    "passed": false
}