{
    "total_runs": 494775,
    "expected_runs": 499995.055648,
    "z_statistic": 7.380947030075953,
    "p_value": 1.6586517009611108e-25,
    "passed": false
}