{
    "total_runs": 495321,
    "expected_runs": 500000.7157420001,
    "z_statistic": 6.616707018528829,
    "p_value": 8.169444843967275e-21,
    "passed": false
}