{
    "total_runs": 495135,
    "expected_runs": 499993.9462320001,
    "z_statistic": 6.870270369160342,
    "p_value": 2.5763212300140613e-22,
    "passed": false
}