{
    "total_runs": 493765,
    "expected_runs": 499995.4488879999,
    "z_statistic": 8.80986891265757,
    "p_value": 1.248707402853357e-35,
    "passed": false
}