{
    "total_runs": 495382,
    "expected_runs": 500000.850942,
    "z_statistic": 6.530629378078865,
    "p_value": 2.5659151282276348e-20,
    "passed": false
}