{
    "total_runs": 494381,
    "expected_runs": 499999.79254199995,
    "z_statistic": 7.944777589465275,
    "p_value": 2.725976157451388e-29,
    "passed": false
}