{
    "total_runs": 495349,
    "expected_runs": 500000.93155,
    "z_statistic": 6.577411376126509,
    "p_value": 1.3800423252920917e-20,
    "passed": false
}