{
    "total_runs": 495383,
    "expected_runs": 499998.6844480001,
    "z_statistic": 6.526179555850189,
    "p_value": 2.7212250100269266e-20,
    "passed": false
}