{
    "total_runs": 494883,
    "expected_runs": 499998.6844480001,
    "z_statistic": 7.233289611736944,
    "p_value": 1.4639913339460285e-24,
    "passed": false
}