{
    "total_runs": 494144,
    "expected_runs": 499995.44222200004,
    "z_statistic": 8.273866704861339,
    "p_value": 1.2593877115838395e-31,
    "passed": false
}