{
    "total_runs": 495022,
    "expected_runs": 499998.33656799997,
    "z_statistic": 7.036225932854983,
    "p_value": 2.5034974264684586e-23,
    "passed": false
}