{
    "total_runs": 495754,
    "expected_runs": 499993.870912,
    "z_statistic": 5.994754207159791,
    "p_value": 2.2936841018386643e-17,
    "passed": false
}