{
    "total_runs": 494388,
    "expected_runs": 499999.2177280001,
    "z_statistic": 7.934074280160548,
    "p_value": 3.23526352815932e-29,
    "passed": false
}