{
    "total_runs": 495161,
    "expected_runs": 500000.9896320001,
    "z_statistic": 6.843364907661346,
    "p_value": 3.740348363806398e-22,
    "passed": false
}