{
    "total_runs": 494235,
    "expected_runs": 499998.886432,
    "z_statistic": 8.149986601652097,
    "p_value": 9.777502869339343e-31,
    "passed": false
}