{
    "total_runs": 494685,
    "expected_runs": 499996.182592,
    "z_statistic": 7.509804595869389,
    "p_value": 2.39359322431614e-26,
    "passed": false
}