{
    "total_runs": 494677,
    "expected_runs": 499997.64595000003,
    "z_statistic": 7.523165915662434,
    "p_value": 1.9546045649061618e-26,
    "passed": false
}