{
    "total_runs": 495322,
    "expected_runs": 499998.36419199995,
    "z_statistic": 6.611998305275915,
    "p_value": 8.700561955950143e-21,
    "passed": false
}