{
    "total_runs": 495446,
    "expected_runs": 499997.78435200005,
    "z_statistic": 6.435822340712198,
    "p_value": 8.898839457989897e-20,
    "passed": false
}