{
    "total_runs": 495616,
    "expected_runs": 499996.870062,
    "z_statistic": 6.194122805798595,
    "p_value": 1.955754538166959e-18,
    "passed": false
}