{
    "total_runs": 494886,
    "expected_runs": 499996.978552,
    "z_statistic": 7.226659094941579,
    "p_value": 1.6127547735646634e-24,
    "passed": false
}