{
    "total_runs": 495173,
    "expected_runs": 500000.890488,
    "z_statistic": 6.826255487333074,
    "p_value": 4.737503864054824e-22,
    "passed": false
}