{
    "total_runs": 496194,
    "expected_runs": 499999.625518,
    "z_statistic": 5.38056779829352,
    "p_value": 2.7564420437489634e-14,
    "passed": false
}