{
    "total_runs": 495774,
    "expected_runs": 499993.840672,
    "z_statistic": 5.966427127051232,
    "p_value": 3.2336034621600684e-17,
    "passed": false
}