{
    "total_runs": 494519,
    "expected_runs": 499994.606112,
    "z_statistic": 7.742361219822041,
    "p_value": 6.692448307263328e-28,
    "passed": false
}