{
    "total_runs": 494623,
    "expected_runs": 499994.83994999994,
    "z_statistic": 7.595608277278683,
    "p_value": 6.476051097263123e-27,
    "passed": false
}