{
    "total_runs": 494398,
    "expected_runs": 500000.774208,
    "z_statistic": 7.922108635802893,
    "p_value": 3.9169997642421613e-29,
    "passed": false
}