{
    "total_runs": 495979,
    "expected_runs": 500000.815168,
    "z_statistic": 5.686293444399036,
    "p_value": 8.864883448733466e-16,
    "passed": false
}