{
    "total_runs": 495673,
    "expected_runs": 500000.904078,
    "z_statistic": 6.119167604120632,
    "p_value": 4.980818317384142e-18,
    "passed": false
}