{
    "total_runs": 494647,
    "expected_runs": 500000.6438319999,
    "z_statistic": 7.56978689399869,
    "p_value": 9.61237095352931e-27,
    "passed": false
}