{
    "total_runs": 495454,
    "expected_runs": 499997.89994999993,
    "z_statistic": 6.424670555393873,
    "p_value": 1.028856398477703e-19,
    "passed": false
}