{
    "total_runs": 494647,
    "expected_runs": 499998.364192,
    "z_statistic": 7.566597492158183,
    "p_value": 1.0091982416072947e-26,
    "passed": false
}