{
    "total_runs": 495021,
    "expected_runs": 499996.415608,
    "z_statistic": 7.034950519655785,
    "p_value": 2.5492853865093328e-23,
    "passed": false
}