{
    "total_runs": 494347,
    "expected_runs": 499999.03583799995,
    "z_statistic": 7.991802917947147,
    "p_value": 1.280936647124773e-29,
    "passed": false
}