{
    "total_runs": 495059,
    "expected_runs": 499999.612222,
    "z_statistic": 6.985685986378988,
    "p_value": 5.121382538658873e-23,
    "passed": false
}