{
    "total_runs": 496307,
    "expected_runs": 499998.845112,
    "z_statistic": 5.219665709598862,
    "p_value": 1.5625515489027947e-13,
    "passed": false
}