{
    "total_runs": 494717,
    "expected_runs": 500000.72915200004,
    "z_statistic": 7.470911260064927,
    "p_value": 4.3083262142468804e-26,
    "passed": false
}