{
    "total_runs": 496093,
    "expected_runs": 499997.213248,
    "z_statistic": 5.520018918041315,
    "p_value": 5.880467670581927e-15,
    "passed": false
}