{
    "total_runs": 494365,
    "expected_runs": 499997.58350199996,
    "z_statistic": 7.964316186305565,
    "p_value": 1.9928510563474833e-29,
    "passed": false
}