{
    "total_runs": 495310,
    "expected_runs": 499999.09484800004,
    "z_statistic": 6.6299925780203255,
    "p_value": 6.837680663805741e-21,
    "passed": false
}