{
    "total_runs": 494943,
    "expected_runs": 500000.53920000006,
    "z_statistic": 7.1510329057032065,
    "p_value": 4.833638388838773e-24,
    "passed": false
}