{
    "total_runs": 495111,
    "expected_runs": 499996.4398,
    "z_statistic": 6.907704010778577,
    "p_value": 1.5300153841409737e-22,
    "passed": false
}