{
    "total_runs": 493408,
    "expected_runs": 499998.45974200004,
    "z_statistic": 9.318950680926005,
    "p_value": 1.1593794903924007e-39,
    "passed": false
}