{
    "total_runs": 495190,
    "expected_runs": 499999.18358199997,
    "z_statistic": 6.799823134686281,
    "p_value": 6.8174122919329905e-22,
    "passed": false
}