{
    "total_runs": 494377,
    "expected_runs": 499996.293688,
    "z_statistic": 7.9455419193633245,
    "p_value": 2.692813093346358e-29,
    "passed": false
}