{
    "total_runs": 494338,
    "expected_runs": 499996.415608,
    "z_statistic": 8.00086723903837,
    "p_value": 1.1068436224324338e-29,
    "passed": false
}