{
    "total_runs": 495635,
    "expected_runs": 500000.83526200004,
    "z_statistic": 6.172811258837936,
    "p_value": 2.5540909123781007e-18,
    "passed": false
}