{
    "total_runs": 495632,
    "expected_runs": 499998.94360800006,
    "z_statistic": 6.174402056971797,
    "p_value": 2.503783799785357e-18,
    "passed": false
}