{
    "total_runs": 496348,
    "expected_runs": 499997.62519799994,
    "z_statistic": 5.159970066782332,
    "p_value": 2.9360044182597647e-13,
    "passed": false
}