{
    "total_runs": 494134,
    "expected_runs": 500000.97262200003,
    "z_statistic": 8.295738492783165,
    "p_value": 8.742542084030224e-32,
    "passed": false
}