{
    "total_runs": 494881,
    "expected_runs": 500000.4381999999,
    "z_statistic": 7.238572853868874,
    "p_value": 1.355257299118665e-24,
    "passed": false
}