{
    "total_runs": 494389,
    "expected_runs": 500000.800288,
    "z_statistic": 7.934873032435233,
    "p_value": 3.1941975520128395e-29,
    "passed": false
}