{
    "total_runs": 495075,
    "expected_runs": 500000.957368,
    "z_statistic": 6.96494209779373,
    "p_value": 6.860157544610909e-23,
    "passed": false
}