{
    "total_runs": 495240,
    "expected_runs": 500000.3728,
    "z_statistic": 6.730778005237559,
    "p_value": 1.752618824768935e-21,
    "passed": false
}