{
    "total_runs": 494733,
    "expected_runs": 500000.934478,
    "z_statistic": 7.448571147008588,
    "p_value": 6.030293092746029e-26,
    "passed": false
}