{
    "total_runs": 495333,
    "expected_runs": 499996.232128,
    "z_statistic": 6.593454779846037,
    "p_value": 1.1145220246299733e-20,
    "passed": false
}