{
    "total_runs": 496284,
    "expected_runs": 500000.692672,
    "z_statistic": 5.254786200238556,
    "p_value": 1.0746242055255778e-13,
    "passed": false
}