{
    "total_runs": 496230,
    "expected_runs": 500000.68795000005,
    "z_statistic": 5.331147151973438,
    "p_value": 4.722089105999796e-14,
    "passed": false
}