{
    "total_runs": 494542,
    "expected_runs": 499997.30079999997,
    "z_statistic": 7.713603232944536,
    "p_value": 1.0476384485997725e-27,
    "passed": false
}