{
    "total_runs": 494909,
    "expected_runs": 499997.499342,
    "z_statistic": 7.194860941515618,
    "p_value": 2.5621590677070055e-24,
    "passed": false
}