{
    "total_runs": 495363,
    "expected_runs": 499995.034942,
    "z_statistic": 6.54935055731197,
    "p_value": 2.0029944581923018e-20,
    "passed": false
}