{
    "total_runs": 494208,
    "expected_runs": 499994.028622,
    "z_statistic": 8.181380006934136,
    "p_value": 5.833387984909747e-31,
    "passed": false
}