{
    "total_runs": 495374,
    "expected_runs": 499998.66719999997,
    "z_statistic": 6.538883369953838,
    "p_value": 2.300679304353795e-20,
    "passed": false
}