{
    "total_runs": 493985,
    "expected_runs": 500000.972152,
    "z_statistic": 8.506455668430439,
    "p_value": 2.4732554864420388e-33,
    "passed": false
}