{
    "total_runs": 495358,
    "expected_runs": 499998.437152,
    "z_statistic": 6.561188572794068,
    "p_value": 1.7120207816072818e-20,
    "passed": false
}