{
    "total_runs": 495341,
    "expected_runs": 499995.49543799995,
    "z_statistic": 6.581108813103842,
    "p_value": 1.3137842026431485e-20,
    "passed": false
}