{
    "total_runs": 493992,
    "expected_runs": 499994.97955000005,
    "z_statistic": 8.488183086059752,
    "p_value": 3.381072017274906e-33,
    "passed": false
}