{
    "total_runs": 495622,
    "expected_runs": 499999.30351799994,
    "z_statistic": 6.189048787436337,
    "p_value": 2.0842475679630086e-18,
    "passed": false
}