{
    "total_runs": 494060,
    "expected_runs": 499999.75495800003,
    "z_statistic": 8.398688718654508,
    "p_value": 1.5485876161071263e-32,
    "passed": false
}