{
    "total_runs": 494494,
    "expected_runs": 500000.62847800006,
    "z_statistic": 7.786140248420015,
    "p_value": 3.3723451269825318e-28,
    "passed": false
}