{
    "total_runs": 496282,
    "expected_runs": 499999.6022080001,
    "z_statistic": 5.256083942323681,
    "p_value": 1.059812405426943e-13,
    "passed": false
}