{
    "total_runs": 495206,
    "expected_runs": 500000.357022,
    "z_statistic": 6.778839227097703,
    "p_value": 9.092413707676282e-22,
    "passed": false
}