{
    "total_runs": 494450,
    "expected_runs": 499999.67806199996,
    "z_statistic": 7.847036515113921,
    "p_value": 1.291672884226058e-28,
    "passed": false
}