{
    "total_runs": 494732,
    "expected_runs": 499997.609592,
    "z_statistic": 7.445332771037498,
    "p_value": 6.330979892532516e-26,
    "passed": false
}