{
    "total_runs": 494691,
    "expected_runs": 499996.52396799996,
    "z_statistic": 7.501796894044607,
    "p_value": 2.7021637132752197e-26,
    "passed": false
}