{
    "total_runs": 495381,
    "expected_runs": 500000.921592,
    "z_statistic": 6.532142583288797,
    "p_value": 2.5151237096459187e-20,
    "passed": false
}