{
    "total_runs": 494485,
    "expected_runs": 500000.3728,
    "z_statistic": 7.798510584192992,
    "p_value": 2.7766874381362597e-28,
    "passed": false
}