{
    "total_runs": 494726,
    "expected_runs": 499999.76755000005,
    "z_statistic": 7.45683776081022,
    "p_value": 5.325402379642751e-26,
    "passed": false
}