{
    "total_runs": 494794,
    "expected_runs": 499996.927342,
    "z_statistic": 7.356696120150454,
    "p_value": 2.378902688583188e-25,
    "passed": false
}