{
    "total_runs": 494943,
    "expected_runs": 499993.65022199997,
    "z_statistic": 7.141388804437312,
    "p_value": 5.5553496164984784e-24,
    "passed": false
}