{
    "total_runs": 495979,
    "expected_runs": 499997.06318200007,
    "z_statistic": 5.681029963256155,
    "p_value": 9.419941569463713e-16,
    "passed": false
}