{
    "total_runs": 494918,
    "expected_runs": 500000.989048,
    "z_statistic": 7.187017992937601,
    "p_value": 2.87116295195155e-24,
    "passed": false
}