{
    "total_runs": 495068,
    "expected_runs": 499995.89918199996,
    "z_statistic": 6.967758726167517,
    "p_value": 6.59354262265062e-23,
    "passed": false
}