{
    "total_runs": 495403,
    "expected_runs": 499999.33651199995,
    "z_statistic": 6.498808840319644,
    "p_value": 3.9028009879118304e-20,
    "passed": false
}