{
    "total_runs": 494212,
    "expected_runs": 500000.24355,
    "z_statistic": 8.184410699361182,
    "p_value": 5.549086109613519e-31,
    "passed": false
}