{
    "total_runs": 494198,
    "expected_runs": 500000.36606200004,
    "z_statistic": 8.20438096730918,
    "p_value": 3.99060414927977e-31,
    "passed": false
}