{
    "total_runs": 495571,
    "expected_runs": 500000.828302,
    "z_statistic": 6.263311200906231,
    "p_value": 8.171174555365863e-19,
    "passed": false
}