{
    "total_runs": 495568,
    "expected_runs": 499997.40880000003,
    "z_statistic": 6.262760766345339,
    "p_value": 8.22841347188749e-19,
    "passed": false
}