{
    "total_runs": 494395,
    "expected_runs": 500000.61455800006,
    "z_statistic": 7.926128029922651,
    "p_value": 3.6734314447796146e-29,
    "passed": false
}