{
    "total_runs": 494669,
    "expected_runs": 499994.426062,
    "z_statistic": 7.5299745519048376,
    "p_value": 1.7626304015271912e-26,
    "passed": false
}