{
    "total_runs": 495253,
    "expected_runs": 500000.345632,
    "z_statistic": 6.7123551491855435,
    "p_value": 2.2511818577700736e-21,
    "passed": false
}