{
    "total_runs": 495956,
    "expected_runs": 500000.998432,
    "z_statistic": 5.719077446684946,
    "p_value": 6.065395448159598e-16,
    "passed": false
}