{
    "total_runs": 493510,
    "expected_runs": 499999.02392799995,
    "z_statistic": 9.175487694827332,
    "p_value": 1.6718074177130834e-38,
    "passed": false
}