{
    "total_runs": 495137,
    "expected_runs": 499998.081472,
    "z_statistic": 6.873233251387972,
    "p_value": 2.472474899144877e-22,
    "passed": false
}