{
    "total_runs": 494679,
    "expected_runs": 500000.984512,
    "z_statistic": 7.5250086951422475,
    "p_value": 1.9006894074686124e-26,
    "passed": false
}