{
    "total_runs": 497191,
    "expected_runs": 499999.541368,
    "z_statistic": 3.970474662471875,
    "p_value": 1.9644960350127768e-08,
    "passed": false
}