{
    "total_runs": 494578,
    "expected_runs": 500000.20871800004,
    "z_statistic": 7.666759026587745,
    "p_value": 2.16628115898813e-27,
    "passed": false
}