{
    "total_runs": 496127,
    "expected_runs": 500000.287182,
    "z_statistic": 5.476248857325409,
    "p_value": 9.589422337013426e-15,
    "passed": false
}