{
    "total_runs": 495455,
    "expected_runs": 499999.55159799993,
    "z_statistic": 6.425570904852953,
    "p_value": 1.016882180763673e-19,
    "passed": false
}