{
    "total_runs": 494376,
    "expected_runs": 499998.947662,
    "z_statistic": 7.950667265465251,
    "p_value": 2.4805437929517986e-29,
    "passed": false
}