{
    "total_runs": 495607,
    "expected_runs": 500000.77286200004,
    "z_statistic": 6.212321779973624,
    "p_value": 1.5560171156339234e-18,
    "passed": false
}