{
    "total_runs": 494527,
    "expected_runs": 500000.7157420001,
    "z_statistic": 7.739593225431841,
    "p_value": 6.987938418240075e-28,
    "passed": false
}