{
    "total_runs": 494191,
    "expected_runs": 499998.003648,
    "z_statistic": 8.210978308151835,
    "p_value": 3.5781740409835465e-31,
    "passed": false
}