{
    "total_runs": 495149,
    "expected_runs": 499993.74195,
    "z_statistic": 6.85018499629592,
    "p_value": 3.4035248759579898e-22,
    "passed": false
}