{
    "total_runs": 494764,
    "expected_runs": 500000.99927800003,
    "z_statistic": 7.40482120221594,
    "p_value": 1.1616417110357476e-25,
    "passed": false
}