{
    "total_runs": 494546,
    "expected_runs": 500000.045038,
    "z_statistic": 7.711784977894096,
    "p_value": 1.0776877425167992e-27,
    "passed": false
}