{
    "total_runs": 495459,
    "expected_runs": 499993.53475200007,
    "z_statistic": 6.411482058375463,
    "p_value": 1.2210916450934781e-19,
    "passed": false
}