{
    "total_runs": 495086,
    "expected_runs": 500000.99395000003,
    "z_statistic": 6.94943697359757,
    "p_value": 8.530597445996031e-23,
    "passed": false
}