{
    "total_runs": 495213,
    "expected_runs": 499999.168302,
    "z_statistic": 6.767274702133275,
    "p_value": 1.065220455477662e-21,
    "passed": false
}