{
    "total_runs": 496393,
    "expected_runs": 500000.982702,
    "z_statistic": 5.101044032889283,
    "p_value": 5.434546900836016e-13,
    "passed": false
}