{
    "total_runs": 494634,
    "expected_runs": 499997.349598,
    "z_statistic": 7.583562893783824,
    "p_value": 7.787427154351226e-27,
    "passed": false
}