{
    "total_runs": 494743,
    "expected_runs": 499994.598958,
    "z_statistic": 7.4255633196710304,
    "p_value": 8.516941040122838e-26,
    "passed": false
}