{
    "total_runs": 495765,
    "expected_runs": 500000.99155000004,
    "z_statistic": 5.989182587762691,
    "p_value": 2.454283403750969e-17,
    "passed": false
}