{
    "total_runs": 493609,
    "expected_runs": 499996.057632,
    "z_statistic": 9.031338585668273,
    "p_value": 2.343082574030413e-37,
    "passed": false
}