{
    "total_runs": 495311,
    "expected_runs": 499998.73580799997,
    "z_statistic": 6.6280753574035804,
    "p_value": 7.015698011041263e-21,
    "passed": false
}