{
    "total_runs": 495603,
    "expected_runs": 500000.993502,
    "z_statistic": 6.218287925007637,
    "p_value": 1.4434413246360757e-18,
    "passed": false
}