{
    "total_runs": 495759,
    "expected_runs": 499994.972608,
    "z_statistic": 5.989227897360761,
    "p_value": 2.4529336623731735e-17,
    "passed": false
}