{
    "total_runs": 496252,
    "expected_runs": 499993.01599199994,
    "z_statistic": 5.289265798459482,
    "p_value": 7.423702129655661e-14,
    "passed": false
}