{
    "total_runs": 495100,
    "expected_runs": 499998.37795,
    "z_statistic": 6.925974637460533,
    "p_value": 1.1852323959587855e-22,
    "passed": false
}