{
    "total_runs": 495572,
    "expected_runs": 500000.6472,
    "z_statistic": 6.261643137858668,
    "p_value": 8.345855260315801e-19,
    "passed": false
}