{
    "total_runs": 494912,
    "expected_runs": 499996.10155,
    "z_statistic": 7.18866157752834,
    "p_value": 2.8034900177448865e-24,
    "passed": false
}