{
    "total_runs": 494174,
    "expected_runs": 499994.656078,
    "z_statistic": 8.230340979137065,
    "p_value": 2.596548419047838e-31,
    "passed": false
}