{
    "total_runs": 495145,
    "expected_runs": 500000.89511800004,
    "z_statistic": 6.865859959984838,
    "p_value": 2.738947369793159e-22,
    "passed": false
}