{
    "total_runs": 495233,
    "expected_runs": 500000.463352,
    "z_statistic": 6.740804351831058,
    "p_value": 1.5289527167350564e-21,
    "passed": false
}