{
    "total_runs": 493691,
    "expected_runs": 499996.281408,
    "z_statistic": 8.91568440716436,
    "p_value": 1.8912987632771813e-36,
    "passed": false
}