{
    "total_runs": 495113,
    "expected_runs": 499998.29020799993,
    "z_statistic": 6.90746689031665,
    "p_value": 1.5350873626529757e-22,
    "passed": false
}