{
    "total_runs": 495363,
    "expected_runs": 499996.98988799995,
    "z_statistic": 6.552089683173866,
    "p_value": 1.931598455795571e-20,
    "passed": false
}