{
    "total_runs": 495309,
    "expected_runs": 500000.211232,
    "z_statistic": 6.632970798439205,
    "p_value": 6.569969132005494e-21,
    "passed": false
}