{
    "total_runs": 494577,
    "expected_runs": 499997.14691199997,
    "z_statistic": 7.663890118728731,
    "p_value": 2.2645188812763154e-27,
    "passed": false
}