{
    "total_runs": 495321,
    "expected_runs": 499993.619518,
    "z_statistic": 6.606765202825764,
    "p_value": 9.330954945324969e-21,
    "passed": false
}