{
    "total_runs": 494219,
    "expected_runs": 499996.03244800004,
    "z_statistic": 8.168624580803476,
    "p_value": 7.197163676713812e-31,
    "passed": false
}