{
    "total_runs": 496543,
    "expected_runs": 500000.82712800003,
    "z_statistic": 4.8886934974333265,
    "p_value": 4.723175814108701e-12,
    "passed": false
}