{
    "total_runs": 495024,
    "expected_runs": 500000.9902,
    "z_statistic": 7.037112965003025,
    "p_value": 2.472133612188562e-23,
    "passed": false
}