{
    "total_runs": 494127,
    "expected_runs": 500000.096832,
    "z_statistic": 8.30441397994443,
    "p_value": 7.562153569987307e-32,
    "passed": false
}