{
    "total_runs": 496298,
    "expected_runs": 499999.70072799997,
    "z_statistic": 5.233594759547801,
    "p_value": 1.347351417093312e-13,
    "passed": false
}