{
    "total_runs": 494603,
    "expected_runs": 499995.660088,
    "z_statistic": 7.6250402542432285,
    "p_value": 4.121980831648326e-27,
    "passed": false
}