{
    "total_runs": 494849,
    "expected_runs": 499999.83871199994,
    "z_statistic": 7.282988665838989,
    "p_value": 7.0680393305385665e-25,
    "passed": false
}