{
    "total_runs": 495666,
    "expected_runs": 500000.99155,
    "z_statistic": 6.129189732803665,
    "p_value": 4.398414253993228e-18,
    "passed": false
}