{
    "total_runs": 494860,
    "expected_runs": 499996.83550200006,
    "z_statistic": 7.263228716448643,
    "p_value": 9.446869357267512e-25,
    "passed": false
}