{
    "total_runs": 495063,
    "expected_runs": 499999.6682879999,
    "z_statistic": 6.98010762325046,
    "p_value": 5.540661828880965e-23,
    "passed": false
}