{
    "total_runs": 494893,
    "expected_runs": 500000.626752,
    "z_statistic": 7.221866201749916,
    "p_value": 1.729522391327803e-24,
    "passed": false
}