{
    "total_runs": 494045,
    "expected_runs": 500000.985888,
    "z_statistic": 8.421622044241841,
    "p_value": 1.0501237676037009e-32,
    "passed": false
}