{
    "total_runs": 505217,
    "expected_runs": 500001.0,
    "z_statistic": 7.377952154900437,
    "p_value": 1.7343016286407368e-25,
    "passed": false
}