{
    "total_runs": 495109,
    "expected_runs": 499998.531358,
    "z_statistic": 6.913461480292526,
    "p_value": 1.4118293998318552e-22,
    "passed": false
}