{
    "total_runs": 495748,
    "expected_runs": 500000.28718199994,
    "z_statistic": 6.0122365615880975,
    "p_value": 1.8541242913000916e-17,
    "passed": false
}