{
    "total_runs": 494717,
    "expected_runs": 500000.88671199995,
    "z_statistic": 7.471131729370078,
    "p_value": 4.294032267694564e-26,
    "passed": false
}