{
    "total_runs": 494481,
    "expected_runs": 500000.3038,
    "z_statistic": 7.804070941643358,
    "p_value": 2.5441617557256375e-28,
    "passed": false
}