{
    "total_runs": 494987,
    "expected_runs": 499995.555,
    "z_statistic": 7.081829316450449,
    "p_value": 1.3067209491891877e-23,
    "passed": false
}