{
    "total_runs": 495034,
    "expected_runs": 499999.40510200005,
    "z_statistic": 7.020751419127449,
    "p_value": 3.118564598517751e-23,
    "passed": false
}