{
    "total_runs": 495367,
    "expected_runs": 500000.094142,
    "z_statistic": 6.55078222596236,
    "p_value": 1.965358139739017e-20,
    "passed": false
}