{
    "total_runs": 495442,
    "expected_runs": 499995.428878,
    "z_statistic": 6.4381783967611526,
    "p_value": 8.629886287472411e-20,
    "passed": false
}