{
    "total_runs": 494560,
    "expected_runs": 499994.2361579999,
    "z_statistic": 7.683860207052126,
    "p_value": 1.6624733577860413e-27,
    "passed": false
}