{
    "total_runs": 493958,
    "expected_runs": 499994.7342,
    "z_statistic": 8.535924133306,
    "p_value": 1.4916909298891867e-33,
    "passed": false
}