{
    "total_runs": 495168,
    "expected_runs": 499996.684078,
    "z_statistic": 6.827435231316115,
    "p_value": 4.661015022379396e-22,
    "passed": false
}