{
    "total_runs": 494694,
    "expected_runs": 499996.7368,
    "z_statistic": 7.497852016377984,
    "p_value": 2.868363454734441e-26,
    "passed": false
}