{
    "total_runs": 494538,
    "expected_runs": 500000.999902,
    "z_statistic": 7.72443434060292,
    "p_value": 8.85101398777676e-28,
    "passed": false
}