{
    "total_runs": 494779,
    "expected_runs": 499998.2622,
    "z_statistic": 7.379777583969,
    "p_value": 1.6877943966571674e-25,
    "passed": false
}