{
    "total_runs": 494298,
    "expected_runs": 500000.50199799996,
    "z_statistic": 8.063149482397984,
    "p_value": 4.038833740822173e-30,
    "passed": false
}