{
    "total_runs": 496041,
    "expected_runs": 500000.6605120001,
    "z_statistic": 5.598395186077316,
    "p_value": 2.426720996120742e-15,
    "passed": false
}