{
    "total_runs": 494751,
    "expected_runs": 499995.918328,
    "z_statistic": 7.416095791767113,
    "p_value": 9.814144771759135e-26,
    "passed": false
}