{
    "total_runs": 494279,
    "expected_runs": 499998.37794999994,
    "z_statistic": 8.087050060964392,
    "p_value": 2.737488275445633e-30,
    "passed": false
}