{
    "total_runs": 494910,
    "expected_runs": 499998.0232,
    "z_statistic": 7.194180032816819,
    "p_value": 2.5876258854344297e-24,
    "passed": false
}