{
    "total_runs": 494447,
    "expected_runs": 500000.99782199995,
    "z_statistic": 7.8531248659087955,
    "p_value": 1.1730258690045004e-28,
    "passed": false
}