{
    "total_runs": 496417,
    "expected_runs": 499997.174622,
    "z_statistic": 5.061756018794256,
    "p_value": 8.162170870778e-13,
    "passed": false
}