{
    "total_runs": 495140,
    "expected_runs": 500000.949438,
    "z_statistic": 6.873007102693044,
    "p_value": 2.480252991892112e-22,
    "passed": false
}