{
    "total_runs": 494486,
    "expected_runs": 500000.626752,
    "z_statistic": 7.797451551307927,
    "p_value": 2.8233071522210093e-28,
    "passed": false
}