{
    "total_runs": 495180,
    "expected_runs": 500000.039502,
    "z_statistic": 6.815164113243126,
    "p_value": 5.520151992851544e-22,
    "passed": false
}