{
    "total_runs": 494405,
    "expected_runs": 500000.82947199995,
    "z_statistic": 7.912286416999795,
    "p_value": 4.5817290989072626e-29,
    "passed": false
}