{
    "total_runs": 495074,
    "expected_runs": 500000.91595,
    "z_statistic": 6.966298314634688,
    "p_value": 6.730475151807109e-23,
    "passed": false
}