{
    "total_runs": 495188,
    "expected_runs": 500000.78087799996,
    "z_statistic": 6.804888759036733,
    "p_value": 6.358765223029725e-22,
    "passed": false
}