{
    "total_runs": 494923,
    "expected_runs": 500000.03672800004,
    "z_statistic": 7.17861381375697,
    "p_value": 3.2433180304231958e-24,
    "passed": false
}