{
    "total_runs": 494545,
    "expected_runs": 499994.86099200003,
    "z_statistic": 7.70594772812166,
    "p_value": 1.1800536448532785e-27,
    "passed": false
}