{
    "total_runs": 495127,
    "expected_runs": 499999.318222,
    "z_statistic": 6.889107468086312,
    "p_value": 1.9827656768780695e-22,
    "passed": false
}