{
    "total_runs": 493728,
    "expected_runs": 499994.888992,
    "z_statistic": 8.861413497148257,
    "p_value": 4.9931842607871263e-36,
    "passed": false
}