{
    "total_runs": 494434,
    "expected_runs": 499999.36195,
    "z_statistic": 7.869221916000708,
    "p_value": 9.089069299317224e-29,
    "passed": false
}