{
    "total_runs": 495296,
    "expected_runs": 500000.928558,
    "z_statistic": 6.6523605136736155,
    "p_value": 5.0634803535067864e-21,
    "passed": false
}