{
    "total_runs": 493907,
    "expected_runs": 500000.92159199994,
    "z_statistic": 8.616693701117624,
    "p_value": 3.6979993902362167e-34,
    "passed": false
}