{
    "total_runs": 495695,
    "expected_runs": 499999.422912,
    "z_statistic": 6.085978243024,
    "p_value": 7.508056839315205e-18,
    "passed": false
}