{
    "total_runs": 495661,
    "expected_runs": 499997.7742,
    "z_statistic": 6.131750236627161,
    "p_value": 4.26073919784812e-18,
    "passed": false
}