{
    "total_runs": 494839,
    "expected_runs": 499995.860782,
    "z_statistic": 7.2915631894775395,
    "p_value": 6.23050766830979e-25,
    "passed": false
}