{
    "total_runs": 495808,
    "expected_runs": 500000.756398,
    "z_statistic": 5.928041636381387,
    "p_value": 5.1369306093888875e-17,
    "passed": false
}