{
    "total_runs": 494570,
    "expected_runs": 500000.876992,
    "z_statistic": 7.679007573262718,
    "p_value": 1.7922616168789956e-27,
    "passed": false
}