{
    "total_runs": 494901,
    "expected_runs": 499998.081472,
    "z_statistic": 7.2069896002625216,
    "p_value": 2.147967094232855e-24,
    "passed": false
}