{
    "total_runs": 494027,
    "expected_runs": 500000.58776799997,
    "z_statistic": 8.44652158782218,
    "p_value": 6.879678379349993e-33,
    "passed": false
}