{
    "total_runs": 496304,
    "expected_runs": 500000.951328,
    "z_statistic": 5.226865002732392,
    "p_value": 1.4474169747296686e-13,
    "passed": false
}