{
    "total_runs": 494657,
    "expected_runs": 500000.126158,
    "z_statistic": 7.554920468165339,
    "p_value": 1.2059275748763528e-26,
    "passed": false
}