{
    "total_runs": 494656,
    "expected_runs": 499998.714478,
    "z_statistic": 7.554359592422419,
    "p_value": 1.2162793264976092e-26,
    "passed": false
}