{
    "total_runs": 496712,
    "expected_runs": 500000.96875,
    "z_statistic": 4.649890289527055,
    "p_value": 4.834742801208905e-11,
    "passed": false
}