{
    "total_runs": 494379,
    "expected_runs": 499996.29368799995,
    "z_statistic": 7.942713465615325,
    "p_value": 2.8175739555259314e-29,
    "passed": false
}