{
    "total_runs": 495053,
    "expected_runs": 500000.7952,
    "z_statistic": 6.995827727613155,
    "p_value": 4.438005532199961e-23,
    "passed": false
}