{
    "total_runs": 495724,
    "expected_runs": 499995.969208,
    "z_statistic": 6.040123351639942,
    "p_value": 1.318906138378355e-17,
    "passed": false
}