{
    "total_runs": 494891,
    "expected_runs": 500000.893278,
    "z_statistic": 7.2250677046116945,
    "p_value": 1.6506320922002677e-24,
    "passed": false
}