{
    "total_runs": 495499,
    "expected_runs": 499994.79071200005,
    "z_statistic": 6.35667292576492,
    "p_value": 2.47921828247734e-19,
    "passed": false
}