{
    "total_runs": 493844,
    "expected_runs": 500000.99479799997,
    "z_statistic": 8.705891423805873,
    "p_value": 7.807433702262262e-35,
    "passed": false
}