{
    "total_runs": 496541,
    "expected_runs": 499998.391672,
    "z_statistic": 4.888101478959724,
    "p_value": 4.7511465069692665e-12,
    "passed": false
}