{
    "total_runs": 495767,
    "expected_runs": 499999.336512,
    "z_statistic": 5.984033390970354,
    "p_value": 2.612545184352558e-17,
    "passed": false
}