{
    "total_runs": 494344,
    "expected_runs": 499996.6782000001,
    "z_statistic": 7.992749046734136,
    "p_value": 1.2615631223601529e-29,
    "passed": false
}