{
    "total_runs": 495045,
    "expected_runs": 500000.996638,
    "z_statistic": 7.007423494090621,
    "p_value": 3.76671272699956e-23,
    "passed": false
}