{
    "total_runs": 495262,
    "expected_runs": 499995.581368,
    "z_statistic": 6.692953288961567,
    "p_value": 2.928167526938443e-21,
    "passed": false
}