{
    "total_runs": 495042,
    "expected_runs": 500000.9928,
    "z_statistic": 7.011660760876082,
    "p_value": 3.547372844415516e-23,
    "passed": false
}