{
    "total_runs": 494764,
    "expected_runs": 500000.85635200003,
    "z_statistic": 7.404621190953812,
    "p_value": 1.1651185805434844e-25,
    "passed": false
}