{
    "total_runs": 494382,
    "expected_runs": 500000.011582,
    "z_statistic": 7.943669662603324,
    "p_value": 2.7747680567054226e-29,
    "passed": false
}