{
    "total_runs": 494205,
    "expected_runs": 500000.238622,
    "z_statistic": 8.194303320782906,
    "p_value": 4.7134221815231445e-31,
    "passed": false
}