{
    "total_runs": 494906,
    "expected_runs": 499999.465248,
    "z_statistic": 7.2018555257596,
    "p_value": 2.3145087410103882e-24,
    "passed": false
}