{
    "total_runs": 495006,
    "expected_runs": 500000.82119800005,
    "z_statistic": 7.062332191796167,
    "p_value": 1.7263265163904556e-23,
    "passed": false
}