{
    "total_runs": 494641,
    "expected_runs": 500000.955598,
    "z_statistic": 7.578708359866398,
    "p_value": 8.387528902051594e-27,
    "passed": false
}