{
    "total_runs": 494500,
    "expected_runs": 499994.013678,
    "z_statistic": 7.768402986857925,
    "p_value": 4.453756094890013e-28,
    "passed": false
}