{
    "total_runs": 496739,
    "expected_runs": 499996.16395,
    "z_statistic": 4.604955758992968,
    "p_value": 7.396393892429485e-11,
    "passed": false
}