{
    "total_runs": 494732,
    "expected_runs": 499996.91591800004,
    "z_statistic": 7.444362089197701,
    "p_value": 6.423970035350087e-26,
    "passed": false
}