{
    "total_runs": 495749,
    "expected_runs": 499998.304158,
    "z_statistic": 6.008041750792169,
    "p_value": 1.9513377188458205e-17,
    "passed": false
}