{
    "total_runs": 494847,
    "expected_runs": 500000.648878,
    "z_statistic": 7.2869510426317285,
    "p_value": 6.6679829891097565e-25,
    "passed": false
}