{
    "total_runs": 495374,
    "expected_runs": 500000.998078,
    "z_statistic": 6.542149246567457,
    "p_value": 2.203385638402724e-20,
    "passed": false
}