{
    "total_runs": 494866,
    "expected_runs": 499997.969278,
    "z_statistic": 7.256330324907203,
    "p_value": 1.0451839549578835e-24,
    "passed": false
}