{
    "total_runs": 495257,
    "expected_runs": 499997.018158,
    "z_statistic": 6.702037124281806,
    "p_value": 2.5892578664316793e-21,
    "passed": false
}