{
    "total_runs": 495207,
    "expected_runs": 499998.428088,
    "z_statistic": 6.774723219606486,
    "p_value": 9.619783728808888e-22,
    "passed": false
}