{
    "total_runs": 495884,
    "expected_runs": 500000.95499999996,
    "z_statistic": 5.820839906992885,
    "p_value": 1.842505295208185e-16,
    "passed": false
}