{
    "total_runs": 495169,
    "expected_runs": 500000.16536800005,
    "z_statistic": 6.830896774500569,
    "p_value": 4.4435685705158495e-22,
    "passed": false
}