{
    "total_runs": 494221,
    "expected_runs": 500000.976672,
    "z_statistic": 8.172707567486004,
    "p_value": 6.729313144538704e-31,
    "passed": false
}