{
    "total_runs": 493630,
    "expected_runs": 499997.06318200007,
    "z_statistic": 9.003043777598117,
    "p_value": 3.915124812517941e-37,
    "passed": false
}