{
    "total_runs": 496689,
    "expected_runs": 500000.95795000007,
    "z_statistic": 4.682402031127128,
    "p_value": 3.5457144505537834e-11,
    "passed": false
}