{
    "total_runs": 495268,
    "expected_runs": 499999.6055499999,
    "z_statistic": 6.6901051850816735,
    "p_value": 3.043200520421075e-21,
    "passed": false
}