{
    "total_runs": 494979,
    "expected_runs": 499994.5918,
    "z_statistic": 7.091794624601531,
    "p_value": 1.133031630425976e-23,
    "passed": false
}