{
    "total_runs": 496334,
    "expected_runs": 499997.38194999995,
    "z_statistic": 5.179427703137158,
    "p_value": 2.3922510766072754e-13,
    "passed": false
}