{
    "total_runs": 494806,
    "expected_runs": 499997.057568,
    "z_statistic": 7.339907676336507,
    "p_value": 3.0514492105615796e-25,
    "passed": false
}