{
    "total_runs": 496212,
    "expected_runs": 499998.243448,
    "z_statistic": 5.353172133640191,
    "p_value": 3.717084887859314e-14,
    "passed": false
}