{
    "total_runs": 495715,
    "expected_runs": 499999.57195,
    "z_statistic": 6.057902849067309,
    "p_value": 1.060607624896823e-17,
    "passed": false
}