{
    "total_runs": 495879,
    "expected_runs": 499994.81183799997,
    "z_statistic": 5.819294729389935,
    "p_value": 1.8764289405681167e-16,
    "passed": false
}