{
    "total_runs": 494561,
    "expected_runs": 499994.1105280001,
    "z_statistic": 7.6822702345787794,
    "p_value": 1.703937537923622e-27,
    "passed": false
}