{
    "total_runs": 494171,
    "expected_runs": 499997.392702,
    "z_statistic": 8.238408802108815,
    "p_value": 2.2712952075430807e-31,
    "passed": false
}