{
    "total_runs": 495560,
    "expected_runs": 500000.72620000003,
    "z_statistic": 6.278724443492718,
    "p_value": 6.718737275827288e-19,
    "passed": false
}