{
    "total_runs": 495466,
    "expected_runs": 499999.408672,
    "z_statistic": 6.409814214393482,
    "p_value": 1.2478016994101674e-19,
    "passed": false
}