{
    "total_runs": 494930,
    "expected_runs": 499999.32555,
    "z_statistic": 7.16771873530536,
    "p_value": 3.7976862325270704e-24,
    "passed": false
}