{
    "total_runs": 495685,
    "expected_runs": 499995.574782,
    "z_statistic": 6.09472523519155,
    "p_value": 6.739813861523915e-18,
    "passed": false
}