{
    "total_runs": 494064,
    "expected_runs": 500000.81759199995,
    "z_statistic": 8.394516804833176,
    "p_value": 1.6617863761568418e-32,
    "passed": false
}