{
    "total_runs": 494933,
    "expected_runs": 499998.45523200004,
    "z_statistic": 7.162257727694378,
    "p_value": 4.1098893824707825e-24,
    "passed": false
}