{
    "total_runs": 496088,
    "expected_runs": 500000.99459200003,
    "z_statistic": 5.53239586777504,
    "p_value": 5.117517178515517e-15,
    "passed": false
}