{
    "total_runs": 495423,
    "expected_runs": 500000.870968,
    "z_statistic": 6.472674666541554,
    "p_value": 5.499363936575468e-20,
    "passed": false
}