{
    "total_runs": 494784,
    "expected_runs": 499995.30806199997,
    "z_statistic": 7.368572208334547,
    "p_value": 1.9940668346427613e-25,
    "passed": false
}