{
    "total_runs": 495901,
    "expected_runs": 499996.955832,
    "z_statistic": 5.791188916015003,
    "p_value": 2.6127413316634425e-16,
    "passed": false
}