{
    "total_runs": 495958,
    "expected_runs": 500000.29195,
    "z_statistic": 5.7152579785760125,
    "p_value": 6.340273211250603e-16,
    "passed": false
}