{
    "total_runs": 494736,
    "expected_runs": 499995.918328,
    "z_statistic": 7.437309210801983,
    "p_value": 7.141525412840389e-26,
    "passed": false
}