{
    "total_runs": 496038,
    "expected_runs": 499996.505998,
    "z_statistic": 5.596808959685758,
    "p_value": 2.4708792761630415e-15,
    "passed": false
}