{
    "total_runs": 494360,
    "expected_runs": 500000.732088,
    "z_statistic": 7.975789880619955,
    "p_value": 1.6574107894313869e-29,
    "passed": false
}