{
    "total_runs": 495060,
    "expected_runs": 499998.64988800004,
    "z_statistic": 6.982924259167849,
    "p_value": 5.324877040496905e-23,
    "passed": false
}