{
    "total_runs": 494134,
    "expected_runs": 499999.075278,
    "z_statistic": 8.29308671269723,
    "p_value": 9.138590305941426e-32,
    "passed": false
}