{
    "total_runs": 494751,
    "expected_runs": 499998.163038,
    "z_statistic": 7.419237014946998,
    "p_value": 9.363390780061891e-26,
    "passed": false
}