{
    "total_runs": 496168,
    "expected_runs": 500000.660512,
    "z_statistic": 5.418789941708119,
    "p_value": 1.8117835640231203e-14,
    "passed": false
}