{
    "total_runs": 495699,
    "expected_runs": 499999.85995,
    "z_statistic": 6.08093412273281,
    "p_value": 7.989723769258443e-18,
    "passed": false
}