{
    "total_runs": 494571,
    "expected_runs": 499993.95374200004,
    "z_statistic": 7.667908576620314,
    "p_value": 2.1281147588662403e-27,
    "passed": false
}