{
    "total_runs": 493910,
    "expected_runs": 499999.09875,
    "z_statistic": 8.609904560478784,
    "p_value": 4.160035880175357e-34,
    "passed": false
}