{
    "total_runs": 495084,
    "expected_runs": 500000.513902,
    "z_statistic": 6.951593184552948,
    "p_value": 8.276181870961383e-23,
    "passed": false
}