{
    "total_runs": 494246,
    "expected_runs": 499996.60142200004,
    "z_statistic": 8.13123584098225,
    "p_value": 1.3298340768381777e-30,
    "passed": false
}