{
    "total_runs": 494525,
    "expected_runs": 500000.10487800004,
    "z_statistic": 7.741567219614641,
    "p_value": 6.775918496321982e-28,
    "passed": false
}