{
    "total_runs": 496821,
    "expected_runs": 499998.355,
    "z_statistic": 4.492068082951725,
    "p_value": 2.1150809302174945e-10,
    "passed": false
}