{
    "total_runs": 495074,
    "expected_runs": 499998.5358,
    "z_statistic": 6.962965419468257,
    "p_value": 7.05361091477346e-23,
    "passed": false
}