{
    "total_runs": 495010,
    "expected_runs": 499993.230318,
    "z_statistic": 7.046047177673896,
    "p_value": 2.1771468762705118e-23,
    "passed": false
}