{
    "total_runs": 495690,
    "expected_runs": 500000.99711199995,
    "z_statistic": 6.095256404785407,
    "p_value": 6.695746094170253e-18,
    "passed": false
}