{
    "total_runs": 495178,
    "expected_runs": 500000.79263199994,
    "z_statistic": 6.819047363229402,
    "p_value": 5.232568966693074e-22,
    "passed": false
}