{
    "total_runs": 495913,
    "expected_runs": 500000.3038,
    "z_statistic": 5.778914300496979,
    "p_value": 3.0176585501834267e-16,
    "passed": false
}