{
    "total_runs": 494018,
    "expected_runs": 500000.000302,
    "z_statistic": 8.458428655394355,
    "p_value": 5.61754014756114e-33,
    "passed": false
}