{
    "total_runs": 494410,
    "expected_runs": 500000.7768880001,
    "z_statistic": 7.905141813113386,
    "p_value": 5.134462709151274e-29,
    "passed": false
}