{
    "total_runs": 494983,
    "expected_runs": 500000.982328,
    "z_statistic": 7.095084701212435,
    "p_value": 1.0808696519054783e-23,
    "passed": false
}