{
    "total_runs": 494888,
    "expected_runs": 499993.901088,
    "z_statistic": 7.219522854737601,
    "p_value": 1.7896231529166783e-24,
    "passed": false
}