{
    "total_runs": 494625,
    "expected_runs": 499995.069432,
    "z_statistic": 7.593100870859286,
    "p_value": 6.729628010122248e-27,
    "passed": false
}