{
    "total_runs": 494799,
    "expected_runs": 500000.98,
    "z_statistic": 7.355296747843063,
    "p_value": 2.4288399430542566e-25,
    "passed": false
}