{
    "total_runs": 495234,
    "expected_runs": 500000.75779199996,
    "z_statistic": 6.739802569299801,
    "p_value": 1.5499662550098278e-21,
    "passed": false
}