{
    "total_runs": 494911,
    "expected_runs": 500000.188462,
    "z_statistic": 7.195796810195789,
    "p_value": 2.527561125344963e-24,
    "passed": false
}