{
    "total_runs": 495371,
    "expected_runs": 500000.3728,
    "z_statistic": 6.545515796173768,
    "p_value": 2.1073510583086853e-20,
    "passed": false
}