{
    "total_runs": 494463,
    "expected_runs": 499997.58350199996,
    "z_statistic": 7.8257223101816,
    "p_value": 1.8088076980458996e-28,
    "passed": false
}