{
    "total_runs": 494810,
    "expected_runs": 499995.78354999993,
    "z_statistic": 7.332467713281236,
    "p_value": 3.406804250401786e-25,
    "passed": false
}