{
    "total_runs": 494933,
    "expected_runs": 499999.901838,
    "z_statistic": 7.164282820036678,
    "p_value": 3.991256526055222e-24,
    "passed": false
}