{
    "total_runs": 495231,
    "expected_runs": 500000.94554999995,
    "z_statistic": 6.744308209483906,
    "p_value": 1.4576481383060467e-21,
    "passed": false
}