{
    "total_runs": 495823,
    "expected_runs": 500000.077918,
    "z_statistic": 5.905876920567996,
    "p_value": 6.701940321171075e-17,
    "passed": false
}