{
    "total_runs": 494517,
    "expected_runs": 500000.809038,
    "z_statistic": 7.7538658628288575,
    "p_value": 5.591458371428287e-28,
    "passed": false
}