{
    "total_runs": 495843,
    "expected_runs": 500000.75219200004,
    "z_statistic": 5.8785382388481615,
    "p_value": 9.291335941808392e-17,
    "passed": false
}