{
    "total_runs": 494929,
    "expected_runs": 499999.67154999997,
    "z_statistic": 7.169617311743224,
    "p_value": 3.6947450097447364e-24,
    "passed": false
}