{
    "total_runs": 496809,
    "expected_runs": 499999.700728,
    "z_statistic": 4.51092975129841,
    "p_value": 1.7776219595612638e-10,
    "passed": false
}