{
    "total_runs": 495355,
    "expected_runs": 499999.09875,
    "z_statistic": 6.566358192264596,
    "p_value": 1.5984584541131244e-20,
    "passed": false
}