{
    "total_runs": 495525,
    "expected_runs": 499999.615552,
    "z_statistic": 6.326665304359859,
    "p_value": 3.64428793350197e-19,
    "passed": false
}