{
    "total_runs": 495138,
    "expected_runs": 500000.203678,
    "z_statistic": 6.8747911199804275,
    "p_value": 2.419546064670547e-22,
    "passed": false
}