{
    "total_runs": 496773,
    "expected_runs": 500000.036728,
    "z_statistic": 4.562313682949343,
    "p_value": 1.103210227600037e-10,
    "passed": false
}