{
    "total_runs": 494870,
    "expected_runs": 500000.578638,
    "z_statistic": 7.2543257925133675,
    "p_value": 1.0763236994373787e-24,
    "passed": false
}