{
    "total_runs": 495262,
    "expected_runs": 500000.571262,
    "z_statistic": 6.699943276469997,
    "p_value": 2.663760569073464e-21,
    "passed": false
}