{
    "total_runs": 494046,
    "expected_runs": 500000.83063800004,
    "z_statistic": 8.419990888385112,
    "p_value": 1.0795781813425994e-32,
    "passed": false
}