{
    "total_runs": 495427,
    "expected_runs": 499993.991232,
    "z_statistic": 6.457377242489,
    "p_value": 6.717671635861554e-20,
    "passed": false
}