{
    "total_runs": 495400,
    "expected_runs": 499995.096952,
    "z_statistic": 6.497110921890554,
    "p_value": 3.990896763000707e-20,
    "passed": false
}