{
    "total_runs": 494687,
    "expected_runs": 499999.691038,
    "z_statistic": 7.511885170619682,
    "p_value": 2.319309764612963e-26,
    "passed": false
}