{
    "total_runs": 495592,
    "expected_runs": 500000.6605120001,
    "z_statistic": 6.233377506720592,
    "p_value": 1.1933622966912636e-18,
    "passed": false
}