{
    "total_runs": 495516,
    "expected_runs": 499998.38252800005,
    "z_statistic": 6.337665126601519,
    "p_value": 3.1650198261477917e-19,
    "passed": false
}