{
    "total_runs": 495098,
    "expected_runs": 499999.30720000004,
    "z_statistic": 6.930104364595919,
    "p_value": 1.118661379321652e-22,
    "passed": false
}