{
    "total_runs": 493856,
    "expected_runs": 500000.569408,
    "z_statistic": 8.688326660421925,
    "p_value": 1.0618474856637455e-34,
    "passed": false
}