{
    "total_runs": 495539,
    "expected_runs": 499993.87846200005,
    "z_statistic": 6.29882504076566,
    "p_value": 5.20158737508663e-19,
    "passed": false
}