{
    "total_runs": 495571,
    "expected_runs": 499997.091192,
    "z_statistic": 6.258072901675002,
    "p_value": 8.732223348836063e-19,
    "passed": false
}