{
    "total_runs": 495683,
    "expected_runs": 499993.0798,
    "z_statistic": 6.094055626786704,
    "p_value": 6.795775124373466e-18,
    "passed": false
}