{
    "total_runs": 494565,
    "expected_runs": 499994.563128,
    "z_statistic": 7.677246434721349,
    "p_value": 1.8418093333306932e-27,
    "passed": false
}