{
    "total_runs": 495924,
    "expected_runs": 499995.49543799995,
    "z_statistic": 5.756613229266208,
    "p_value": 3.9176578951924033e-16,
    "passed": false
}