{
    "total_runs": 495267,
    "expected_runs": 500000.995198,
    "z_statistic": 6.693466063942365,
    "p_value": 2.9079186932772368e-21,
    "passed": false
}