{
    "total_runs": 494528,
    "expected_runs": 499993.7114379999,
    "z_statistic": 7.728381687653035,
    "p_value": 8.323074596826456e-28,
    "passed": false
}