{
    "total_runs": 495855,
    "expected_runs": 500000.947512,
    "z_statistic": 5.8618416021476785,
    "p_value": 1.1334763227407139e-16,
    "passed": false
}