{
    "total_runs": 494909,
    "expected_runs": 499999.901838,
    "z_statistic": 7.198224020079504,
    "p_value": 2.4399718710054015e-24,
    "passed": false
}