{
    "total_runs": 495349,
    "expected_runs": 499994.03608800005,
    "z_statistic": 6.56775029426994,
    "p_value": 1.5691724047910698e-20,
    "passed": false
}