{
    "total_runs": 495886,
    "expected_runs": 500000.998942,
    "z_statistic": 5.818073111675973,
    "p_value": 1.9036841706045682e-16,
    "passed": false
}