{
    "total_runs": 495590,
    "expected_runs": 499996.654648,
    "z_statistic": 6.230590702553241,
    "p_value": 1.2360808416258395e-18,
    "passed": false
}