{
    "total_runs": 494835,
    "expected_runs": 499994.61326199997,
    "z_statistic": 7.295474026720457,
    "p_value": 5.881922816429295e-25,
    "passed": false
}