{
    "total_runs": 493870,
    "expected_runs": 499998.0329519999,
    "z_statistic": 8.66498451667511,
    "p_value": 1.5963653816610544e-34,
    "passed": false
}