{
    "total_runs": 494525,
    "expected_runs": 499999.841758,
    "z_statistic": 7.741199184811871,
    "p_value": 6.814958018689247e-28,
    "passed": false
}