{
    "total_runs": 494892,
    "expected_runs": 499996.487992,
    "z_statistic": 7.217487064413397,
    "p_value": 1.843512368390387e-24,
    "passed": false
}