{
    "total_runs": 494195,
    "expected_runs": 499994.584638,
    "z_statistic": 8.200542256522228,
    "p_value": 4.2519498897419326e-31,
    "passed": false
}