{
    "total_runs": 495418,
    "expected_runs": 499999.723198,
    "z_statistic": 6.47813741468626,
    "p_value": 5.119520657301905e-20,
    "passed": false
}