{
    "total_runs": 494660,
    "expected_runs": 500000.852032,
    "z_statistic": 7.551693399537902,
    "p_value": 1.2667051780279637e-26,
    "passed": false
}