{
    "total_runs": 494587,
    "expected_runs": 499993.20664800005,
    "z_statistic": 7.644235697470009,
    "p_value": 3.067185752160385e-27,
    "passed": false
}