{
    "total_runs": 495712,
    "expected_runs": 499996.58955,
    "z_statistic": 6.057963873943164,
    "p_value": 1.0598133307850575e-17,
    "passed": false
}