{
    "total_runs": 494023,
    "expected_runs": 499996.921632,
    "z_statistic": 8.447055679369212,
    "p_value": 6.817458942793965e-33,
    "passed": false
}