{
    "total_runs": 495392,
    "expected_runs": 500000.938048,
    "z_statistic": 6.516609289490538,
    "p_value": 3.087432980537965e-20,
    "passed": false
}