{
    "total_runs": 494439,
    "expected_runs": 499993.840672,
    "z_statistic": 7.854429266472475,
    "p_value": 1.149048472295111e-28,
    "passed": false
}