{
    "total_runs": 494049,
    "expected_runs": 500000.897848,
    "z_statistic": 8.415842164328673,
    "p_value": 1.1582424657587792e-32,
    "passed": false
}