{
    "total_runs": 495041,
    "expected_runs": 499999.44062199997,
    "z_statistic": 7.010901627583181,
    "p_value": 3.58571700174191e-23,
    "passed": false
}