{
    "total_runs": 494548,
    "expected_runs": 499996.76595000003,
    "z_statistic": 7.704369732497723,
    "p_value": 1.2093448870395342e-27,
    "passed": false
}