{
    "total_runs": 495418,
    "expected_runs": 499994.221438,
    "z_statistic": 6.470427928873469,
    "p_value": 5.663553551937477e-20,
    "passed": false
}