{
    "total_runs": 495491,
    "expected_runs": 500000.99935199996,
    "z_statistic": 6.3766880445940215,
    "p_value": 1.9155657356960495e-19,
    "passed": false
}