{
    "total_runs": 494893,
    "expected_runs": 500000.994798,
    "z_statistic": 7.222381381442141,
    "p_value": 1.71657990813406e-24,
    "passed": false
}