{
    "total_runs": 495912,
    "expected_runs": 499998.911032,
    "z_statistic": 5.778374937784887,
    "p_value": 3.0368036095701876e-16,
    "passed": false
}