{
    "total_runs": 495534,
    "expected_runs": 499999.55159799993,
    "z_statistic": 6.313847709785279,
    "p_value": 4.2937570814135956e-19,
    "passed": false
}