{
    "total_runs": 495921,
    "expected_runs": 499995.05564800004,
    "z_statistic": 5.760239019478659,
    "p_value": 3.755135451446775e-16,
    "passed": false
}