{
    "total_runs": 495849,
    "expected_runs": 499997.95942200004,
    "z_statistic": 5.866136143654732,
    "p_value": 1.0770335539772404e-16,
    "passed": false
}