{
    "total_runs": 494718,
    "expected_runs": 499999.206382,
    "z_statistic": 7.467366264758468,
    "p_value": 4.5447470542188873e-26,
    "passed": false
}