{
    "total_runs": 493642,
    "expected_runs": 499993.13542199996,
    "z_statistic": 8.980588893781826,
    "p_value": 5.8775198460582065e-37,
    "passed": false
}