{
    "total_runs": 494864,
    "expected_runs": 499993.70379999996,
    "z_statistic": 7.253188312779508,
    "p_value": 1.0944010424089601e-24,
    "passed": false
}