{
    "total_runs": 496810,
    "expected_runs": 500000.681598,
    "z_statistic": 4.510893848098726,
    "p_value": 1.7782113768050607e-10,
    "passed": false
}