{
    "total_runs": 494943,
    "expected_runs": 499994.68454199994,
    "z_statistic": 7.142836799136076,
    "p_value": 5.440543302838796e-24,
    "passed": false
}