{
    "total_runs": 494927,
    "expected_runs": 500000.928558,
    "z_statistic": 7.174205392752571,
    "p_value": 3.457248582584545e-24,
    "passed": false
}