{
    "total_runs": 494912,
    "expected_runs": 500000.87699200003,
    "z_statistic": 7.195346415942819,
    "p_value": 2.544153502829368e-24,
    "passed": false
}