{
    "total_runs": 494869,
    "expected_runs": 500000.99927800003,
    "z_statistic": 7.256328777952342,
    "p_value": 1.0452076388297141e-24,
    "passed": false
}