{
    "total_runs": 494841,
    "expected_runs": 499998.662878,
    "z_statistic": 7.2926566663101475,
    "p_value": 6.131031785240108e-25,
    "passed": false
}