{
    "total_runs": 495461,
    "expected_runs": 499993.96875,
    "z_statistic": 6.409261800745115,
    "p_value": 1.2567751066086938e-19,
    "passed": false
}