{
    "total_runs": 494905,
    "expected_runs": 500000.056062,
    "z_statistic": 7.20409677081066,
    "p_value": 2.2402887427857037e-24,
    "passed": false
}