{
    "total_runs": 495255,
    "expected_runs": 499994.958712,
    "z_statistic": 6.701980659227189,
    "p_value": 2.5912396806447605e-21,
    "passed": false
}