{
    "total_runs": 495503,
    "expected_runs": 499995.841528,
    "z_statistic": 6.352488747198978,
    "p_value": 2.616306983071949e-19,
    "passed": false
}