{
    "total_runs": 495183,
    "expected_runs": 499999.479232,
    "z_statistic": 6.810136752496491,
    "p_value": 5.915804729645381e-22,
    "passed": false
}