{
    "total_runs": 495696,
    "expected_runs": 499997.376568,
    "z_statistic": 6.081694938993187,
    "p_value": 7.915166494957852e-18,
    "passed": false
}