{
    "total_runs": 494462,
    "expected_runs": 499996.944448,
    "z_statistic": 7.82624277124993,
    "p_value": 1.7940151333968223e-28,
    "passed": false
}