{
    "total_runs": 496004,
    "expected_runs": 500000.95499999996,
    "z_statistic": 5.651134264234606,
    "p_value": 1.3286324668733656e-15,
    "passed": false
}