{
    "total_runs": 495895,
    "expected_runs": 500000.17567200004,
    "z_statistic": 5.804190466817609,
    "p_value": 2.242209509167748e-16,
    "passed": false
}