{
    "total_runs": 493954,
    "expected_runs": 500000.09951800003,
    "z_statistic": 8.549077120830832,
    "p_value": 1.1896655526943147e-33,
    "passed": false
}