{
    "total_runs": 494155,
    "expected_runs": 500000.99372800003,
    "z_statistic": 8.266069505812895,
    "p_value": 1.4340754565236225e-31,
    "passed": false
}