{
    "total_runs": 495315,
    "expected_runs": 499997.609592,
    "z_statistic": 6.620840673444776,
    "p_value": 7.729703244138217e-21,
    "passed": false
}