{
    "total_runs": 494922,
    "expected_runs": 500000.607502,
    "z_statistic": 7.180827030656268,
    "p_value": 3.1409138157097477e-24,
    "passed": false
}