{
    "total_runs": 493502,
    "expected_runs": 499997.536288,
    "z_statistic": 9.18472492629771,
    "p_value": 1.4096101418166692e-38,
    "passed": false
}