{
    "total_runs": 494659,
    "expected_runs": 500000.987518,
    "z_statistic": 7.553297172981539,
    "p_value": 1.2361298595144522e-26,
    "passed": false
}