{
    "total_runs": 494142,
    "expected_runs": 500000.85311799997,
    "z_statistic": 8.284257759481775,
    "p_value": 1.0590071946332835e-31,
    "passed": false
}