{
    "total_runs": 495136,
    "expected_runs": 500000.984512,
    "z_statistic": 6.87871307711809,
    "p_value": 2.2912108627623423e-22,
    "passed": false
}