{
    "total_runs": 494466,
    "expected_runs": 499999.53795,
    "z_statistic": 7.82421308201535,
    "p_value": 1.852390683103289e-28,
    "passed": false
}