{
    "total_runs": 495135,
    "expected_runs": 499995.6076719999,
    "z_statistic": 6.872597196151185,
    "p_value": 2.494412978113836e-22,
    "passed": false
}