{
    "total_runs": 494962,
    "expected_runs": 500000.920798,
    "z_statistic": 7.124697047273606,
    "p_value": 7.065215930550218e-24,
    "passed": false
}