{
    "total_runs": 495878,
    "expected_runs": 499999.531102,
    "z_statistic": 5.827328088129673,
    "p_value": 1.7065391373870946e-16,
    "passed": false
}