{
    "total_runs": 494315,
    "expected_runs": 499994.41880800005,
    "z_statistic": 8.030602592983207,
    "p_value": 6.846530498227266e-30,
    "passed": false
}