{
    "total_runs": 495986,
    "expected_runs": 499997.11910199997,
    "z_statistic": 5.671208839545857,
    "p_value": 1.0548682028542219e-15,
    "passed": false
}