{
    "total_runs": 495018,
    "expected_runs": 499997.40880000003,
    "z_statistic": 7.040583812286786,
    "p_value": 2.3531066610732484e-23,
    "passed": false
}