{
    "total_runs": 494967,
    "expected_runs": 500000.626752,
    "z_statistic": 7.117214320012096,
    "p_value": 7.867835180277449e-24,
    "passed": false
}