{
    "total_runs": 494177,
    "expected_runs": 499997.09119199996,
    "z_statistic": 8.229502019498828,
    "p_value": 2.632917807408087e-31,
    "passed": false
}