{
    "total_runs": 494799,
    "expected_runs": 499999.534528,
    "z_statistic": 7.353273799558497,
    "p_value": 2.502871408942465e-25,
    "passed": false
}