{
    "total_runs": 495101,
    "expected_runs": 499999.9342,
    "z_statistic": 6.926739738289466,
    "p_value": 1.1726098147432823e-22,
    "passed": false
}