{
    "total_runs": 493808,
    "expected_runs": 499996.33654200006,
    "z_statistic": 8.750296865946979,
    "p_value": 3.5783564327342316e-35,
    "passed": false
}