{
    "total_runs": 495535,
    "expected_runs": 500000.2558,
    "z_statistic": 6.313420495157795,
    "p_value": 4.3172677869090485e-19,
    "passed": false
}