{
    "total_runs": 495410,
    "expected_runs": 500000.8828720001,
    "z_statistic": 6.491076127860048,
    "p_value": 4.32021614526777e-20,
    "passed": false
}