{
    "total_runs": 496151,
    "expected_runs": 499999.898872,
    "z_statistic": 5.4417627555772,
    "p_value": 1.4059544693512047e-14,
    "passed": false
}