{
    "total_runs": 495789,
    "expected_runs": 500000.06155000004,
    "z_statistic": 5.953937317380505,
    "p_value": 3.7603819812562254e-17,
    "passed": false
}