{
    "total_runs": 496046,
    "expected_runs": 500000.800288,
    "z_statistic": 5.591520223591662,
    "p_value": 2.6239046885530735e-15,
    "passed": false
}