{
    "total_runs": 495377,
    "expected_runs": 499994.958712,
    "z_statistic": 6.529444519936655,
    "p_value": 2.6063921503700483e-20,
    "passed": false
}