{
    "total_runs": 494767,
    "expected_runs": 499997.520478,
    "z_statistic": 7.395710251768472,
    "p_value": 1.3309471450622577e-25,
    "passed": false
}