{
    "total_runs": 494845,
    "expected_runs": 500000.19608799997,
    "z_statistic": 7.28914573044335,
    "p_value": 6.45614064767669e-25,
    "passed": false
}