{
    "total_runs": 495729,
    "expected_runs": 499996.8181680001,
    "z_statistic": 6.034242589743157,
    "p_value": 1.4173064640208886e-17,
    "passed": false
}