{
    "total_runs": 494901,
    "expected_runs": 499998.3088,
    "z_statistic": 7.207307815614938,
    "p_value": 2.1380445841404554e-24,
    "passed": false
}