{
    "total_runs": 495443,
    "expected_runs": 499999.9946380001,
    "z_statistic": 6.443162362580026,
    "p_value": 8.087138495280053e-20,
    "passed": false
}