{
    "total_runs": 494726,
    "expected_runs": 499998.18206200004,
    "z_statistic": 7.454619175127527,
    "p_value": 5.506135735228075e-26,
    "passed": false
}