{
    "total_runs": 495034,
    "expected_runs": 499995.92470199993,
    "z_statistic": 7.015878210825312,
    "p_value": 3.3416248712124164e-23,
    "passed": false
}