{
    "total_runs": 494918,
    "expected_runs": 499997.09678200004,
    "z_statistic": 7.181569402609543,
    "p_value": 3.107287248102739e-24,
    "passed": false
}