{
    "total_runs": 494429,
    "expected_runs": 499995.65355,
    "z_statistic": 7.871106898838905,
    "p_value": 8.821275511770718e-29,
    "passed": false
}