{
    "total_runs": 493942,
    "expected_runs": 500000.61455800006,
    "z_statistic": 8.566767267536202,
    "p_value": 8.770867451063886e-34,
    "passed": false
}