{
    "total_runs": 495870,
    "expected_runs": 499997.251678,
    "z_statistic": 5.835444831044781,
    "p_value": 1.5503023844279262e-16,
    "passed": false
}