{
    "total_runs": 495041,
    "expected_runs": 500000.984512,
    "z_statistic": 7.0130633697051685,
    "p_value": 3.477591440630796e-23,
    "passed": false
}