{
    "total_runs": 494061,
    "expected_runs": 499994.184568,
    "z_statistic": 8.389490226566325,
    "p_value": 1.809137176146302e-32,
    "passed": false
}