{
    "total_runs": 496401,
    "expected_runs": 499998.56678199995,
    "z_statistic": 5.0863382734245715,
    "p_value": 6.330470424924683e-13,
    "passed": false
}