{
    "total_runs": 495038,
    "expected_runs": 499999.28875,
    "z_statistic": 7.014931632140207,
    "p_value": 3.386749999520389e-23,
    "passed": false
}