{
    "total_runs": 495532,
    "expected_runs": 500000.720248,
    "z_statistic": 6.318314102732498,
    "p_value": 4.0554087705301783e-19,
    "passed": false
}