{
    "total_runs": 495314,
    "expected_runs": 500000.919198,
    "z_statistic": 6.626891552928224,
    "p_value": 7.127897200389151e-21,
    "passed": false
}