{
    "total_runs": 495091,
    "expected_runs": 499996.921632,
    "z_statistic": 6.936663274882646,
    "p_value": 1.0204611426318492e-22,
    "passed": false
}