{
    "total_runs": 494647,
    "expected_runs": 499999.59886200004,
    "z_statistic": 7.5683248995561065,
    "p_value": 9.829348607445944e-27,
    "passed": false
}