{
    "total_runs": 495834,
    "expected_runs": 499997.552062,
    "z_statistic": 5.886778174656786,
    "p_value": 8.42138249123567e-17,
    "passed": false
}