{
    "total_runs": 494740,
    "expected_runs": 500000.88575799996,
    "z_statistic": 7.438603475098507,
    "p_value": 7.00414444900093e-26,
    "passed": false
}