{
    "total_runs": 496144,
    "expected_runs": 500000.85742200003,
    "z_statistic": 5.453007415727184,
    "p_value": 1.2413612072399753e-14,
    "passed": false
}