{
    "total_runs": 494403,
    "expected_runs": 500000.155,
    "z_statistic": 7.914171673092174,
    "p_value": 4.4460006104628434e-29,
    "passed": false
}