{
    "total_runs": 495079,
    "expected_runs": 499996.463928,
    "z_statistic": 6.952993044449847,
    "p_value": 8.115046051701564e-23,
    "passed": false
}