{
    "total_runs": 495297,
    "expected_runs": 499997.640768,
    "z_statistic": 6.646340365585562,
    "p_value": 5.490394876391542e-21,
    "passed": false
}