{
    "total_runs": 495177,
    "expected_runs": 499994.33874999994,
    "z_statistic": 6.811422326406935,
    "p_value": 5.81203708334103e-22,
    "passed": false
}