{
    "total_runs": 494619,
    "expected_runs": 499995.361918,
    "z_statistic": 7.601995448446829,
    "p_value": 5.8721136401144125e-27,
    "passed": false
}