{
    "total_runs": 496040,
    "expected_runs": 499999.489678,
    "z_statistic": 5.598166699210133,
    "p_value": 2.433033502743743e-15,
    "passed": false
}