{
    "total_runs": 494379,
    "expected_runs": 499996.75430200004,
    "z_statistic": 7.943357560600506,
    "p_value": 2.788668451476632e-29,
    "passed": false
}