{
    "total_runs": 495379,
    "expected_runs": 499996.02614199993,
    "z_statistic": 6.528111714086403,
    "p_value": 2.6526781369569915e-20,
    "passed": false
}