{
    "total_runs": 495324,
    "expected_runs": 499999.595512,
    "z_statistic": 6.610894941524073,
    "p_value": 8.82987226005479e-21,
    "passed": false
}