{
    "total_runs": 495068,
    "expected_runs": 500000.275192,
    "z_statistic": 6.973886365777607,
    "p_value": 6.048435150448255e-23,
    "passed": false
}