{
    "total_runs": 494478,
    "expected_runs": 499997.66663799994,
    "z_statistic": 7.804625236957821,
    "p_value": 2.5220687481282275e-28,
    "passed": false
}