{
    "total_runs": 494602,
    "expected_runs": 500000.32255200006,
    "z_statistic": 7.632977095430777,
    "p_value": 3.648113459516889e-27,
    "passed": false
}