{
    "total_runs": 496033,
    "expected_runs": 500000.5675499999,
    "z_statistic": 5.609578477003331,
    "p_value": 2.1366994830314795e-15,
    "passed": false
}