{
    "total_runs": 495021,
    "expected_runs": 499995.49543799995,
    "z_statistic": 7.033662135278873,
    "p_value": 2.5963808382929182e-23,
    "passed": false
}