{
    "total_runs": 494799,
    "expected_runs": 499994.527198,
    "z_statistic": 7.346265915376926,
    "p_value": 2.7770463706578803e-25,
    "passed": false
}