{
    "total_runs": 494907,
    "expected_runs": 499995.75119999994,
    "z_statistic": 7.195242281795283,
    "p_value": 2.548005102128529e-24,
    "passed": false
}