{
    "total_runs": 494468,
    "expected_runs": 500000.61806199996,
    "z_statistic": 7.822895260870267,
    "p_value": 1.8912972193909136e-28,
    "passed": false
}