{
    "total_runs": 496586,
    "expected_runs": 499998.14872799994,
    "z_statistic": 4.824120304167546,
    "p_value": 8.957163574874536e-12,
    "passed": false
}