{
    "total_runs": 495090,
    "expected_runs": 499998.48671800003,
    "z_statistic": 6.940269159468576,
    "p_value": 9.701608348204813e-23,
    "passed": false
}