{
    "total_runs": 495143,
    "expected_runs": 500000.77286200004,
    "z_statistic": 6.868517171008557,
    "p_value": 2.6397900694605885e-22,
    "passed": false
}