{
    "total_runs": 496138,
    "expected_runs": 499995.71875,
    "z_statistic": 5.454281573357728,
    "p_value": 1.2239514909580516e-14,
    "passed": false
}