{
    "total_runs": 495070,
    "expected_runs": 499998.2622,
    "z_statistic": 6.968239183898764,
    "p_value": 6.549099253951818e-23,
    "passed": false
}