{
    "total_runs": 495473,
    "expected_runs": 499997.889982,
    "z_statistic": 6.397786361689657,
    "p_value": 1.4582925980965277e-19,
    "passed": false
}