{
    "total_runs": 494819,
    "expected_runs": 499997.52575200005,
    "z_statistic": 7.322178016139078,
    "p_value": 3.9667448640984604e-25,
    "passed": false
}