{
    "total_runs": 495646,
    "expected_runs": 499999.67480800004,
    "z_statistic": 6.155628060851486,
    "p_value": 3.165328954708198e-18,
    "passed": false
}