{
    "total_runs": 495614,
    "expected_runs": 499998.951712,
    "z_statistic": 6.199869366135211,
    "p_value": 1.8196581329738086e-18,
    "passed": false
}