{
    "total_runs": 494390,
    "expected_runs": 500000.732088,
    "z_statistic": 7.933363451015664,
    "p_value": 3.2722494361228624e-29,
    "passed": false
}