{
    "total_runs": 495656,
    "expected_runs": 499999.69427199994,
    "z_statistic": 6.141513174993693,
    "p_value": 3.7737466356718574e-18,
    "passed": false
}