{
    "total_runs": 495746,
    "expected_runs": 499997.733432,
    "z_statistic": 6.0114841434105735,
    "p_value": 1.8712025163161274e-17,
    "passed": false
}