{
    "total_runs": 494708,
    "expected_runs": 500000.986222,
    "z_statistic": 7.4839988932729975,
    "p_value": 3.536384264095266e-26,
    "passed": false
}