{
    "total_runs": 495370,
    "expected_runs": 500000.412472,
    "z_statistic": 6.546985596796259,
    "p_value": 2.0667323837113254e-20,
    "passed": false
}