{
    "total_runs": 495556,
    "expected_runs": 499999.20259199996,
    "z_statistic": 6.282245735932745,
    "p_value": 6.424521150995485e-19,
    "passed": false
}