{
    "total_runs": 494795,
    "expected_runs": 499996.713408,
    "z_statistic": 7.354982491227429,
    "p_value": 2.440196397344475e-25,
    "passed": false
}