{
    "total_runs": 495896,
    "expected_runs": 499993.70379999996,
    "z_statistic": 5.793698618953066,
    "p_value": 2.536801752131413e-16,
    "passed": false
}