{
    "total_runs": 495062,
    "expected_runs": 499996.875808,
    "z_statistic": 6.977611636758271,
    "p_value": 5.739102809940001e-23,
    "passed": false
}