{
    "total_runs": 494524,
    "expected_runs": 499999.697502,
    "z_statistic": 7.742411626169855,
    "p_value": 6.687183844082123e-28,
    "passed": false
}