{
    "total_runs": 494997,
    "expected_runs": 499995.361918,
    "z_statistic": 7.067416693872091,
    "p_value": 1.6055190028786223e-23,
    "passed": false
}