{
    "total_runs": 495518,
    "expected_runs": 500000.423262,
    "z_statistic": 6.337696866235942,
    "p_value": 3.1637312865053457e-19,
    "passed": false
}