{
    "total_runs": 495705,
    "expected_runs": 500000.999998,
    "z_statistic": 6.0740472475882905,
    "p_value": 8.696932836492111e-18,
    "passed": false
}