{
    "total_runs": 495671,
    "expected_runs": 500000.21875,
    "z_statistic": 6.121035221285057,
    "p_value": 4.86680018772203e-18,
    "passed": false
}