{
    "total_runs": 495180,
    "expected_runs": 499998.495678,
    "z_statistic": 6.813001848402166,
    "p_value": 5.687006032304472e-22,
    "passed": false
}