{
    "total_runs": 494868,
    "expected_runs": 499999.54136800003,
    "z_statistic": 7.255702351741126,
    "p_value": 1.054842055063118e-24,
    "passed": false
}