{
    "total_runs": 494717,
    "expected_runs": 499998.606328,
    "z_statistic": 7.467940838212586,
    "p_value": 4.505572758943726e-26,
    "passed": false
}