{
    "total_runs": 494177,
    "expected_runs": 499999.758112,
    "z_statistic": 8.233229728344401,
    "p_value": 2.4750930131244993e-31,
    "passed": false
}