{
    "total_runs": 494452,
    "expected_runs": 499995.515328,
    "z_statistic": 7.838386328474417,
    "p_value": 1.4809825280442026e-28,
    "passed": false
}