{
    "total_runs": 494553,
    "expected_runs": 499997.63039199996,
    "z_statistic": 7.69850781081973,
    "p_value": 1.3246100075449593e-27,
    "passed": false
}