{
    "total_runs": 494669,
    "expected_runs": 500000.652222,
    "z_statistic": 7.538685912224899,
    "p_value": 1.5440394651122437e-26,
    "passed": false
}