{
    "total_runs": 496483,
    "expected_runs": 499997.666638,
    "z_statistic": 4.969108140789969,
    "p_value": 2.1044747180230778e-12,
    "passed": false
}