{
    "total_runs": 495149,
    "expected_runs": 500000.563822,
    "z_statistic": 6.859739126363256,
    "p_value": 2.981598797180301e-22,
    "passed": false
}