{
    "total_runs": 495723,
    "expected_runs": 499999.21395,
    "z_statistic": 6.046087147364556,
    "p_value": 1.2260056956453073e-17,
    "passed": false
}