{
    "total_runs": 494584,
    "expected_runs": 499994.986488,
    "z_statistic": 7.650968281963974,
    "p_value": 2.76466173456569e-27,
    "passed": false
}