{
    "total_runs": 496131,
    "expected_runs": 499999.88995,
    "z_statistic": 5.4700345690803145,
    "p_value": 1.027572531497878e-14,
    "passed": false
}