{
    "total_runs": 496835,
    "expected_runs": 500000.228718,
    "z_statistic": 4.474902070268866,
    "p_value": 2.4760847787984793e-10,
    "passed": false
}