{
    "total_runs": 495250,
    "expected_runs": 500000.18335800007,
    "z_statistic": 6.716370484820743,
    "p_value": 2.131762431263943e-21,
    "passed": false
}