{
    "total_runs": 495460,
    "expected_runs": 500000.839822,
    "z_statistic": 6.420305104057132,
    "p_value": 1.0889197633158045e-19,
    "passed": false
}