{
    "total_runs": 495080,
    "expected_runs": 500000.771512,
    "z_statistic": 6.95761077550834,
    "p_value": 7.605210446711385e-23,
    "passed": false
}