{
    "total_runs": 494246,
    "expected_runs": 499993.031968,
    "z_statistic": 8.126245839348735,
    "p_value": 1.4430861132720936e-30,
    "passed": false
}