{
    "total_runs": 493881,
    "expected_runs": 500000.37055800005,
    "z_statistic": 8.652693515485339,
    "p_value": 1.9777941424252526e-34,
    "passed": false
}