{
    "total_runs": 493989,
    "expected_runs": 499996.800798,
    "z_statistic": 8.494970499199367,
    "p_value": 3.010579400926205e-33,
    "passed": false
}