{
    "total_runs": 494889,
    "expected_runs": 500000.974008,
    "z_statistic": 7.228009134790788,
    "p_value": 1.5812979512074568e-24,
    "passed": false
}