{
    "total_runs": 495015,
    "expected_runs": 499997.10236799996,
    "z_statistic": 7.044397437332033,
    "p_value": 2.2288605489935032e-23,
    "passed": false
}