{
    "total_runs": 495604,
    "expected_runs": 499998.062112,
    "z_statistic": 6.212764523950496,
    "p_value": 1.547373170123973e-18,
    "passed": false
}