{
    "total_runs": 494336,
    "expected_runs": 499999.369182,
    "z_statistic": 8.007825410959484,
    "p_value": 9.893223288325903e-30,
    "passed": false
}