{
    "total_runs": 493909,
    "expected_runs": 500000.844318,
    "z_statistic": 8.613757322832663,
    "p_value": 3.891222912185314e-34,
    "passed": false
}