{
    "total_runs": 494521,
    "expected_runs": 499998.84926199995,
    "z_statistic": 7.745467822337345,
    "p_value": 6.375550903389726e-28,
    "passed": false
}