{
    "total_runs": 492836,
    "expected_runs": 500000.7952,
    "z_statistic": 10.13114047961841,
    "p_value": 1.471253228505324e-46,
    "passed": false
}