{
    "total_runs": 495415,
    "expected_runs": 499995.962862,
    "z_statistic": 6.477110846807829,
    "p_value": 5.1888659371454565e-20,
    "passed": false
}