{
    "total_runs": 496069,
    "expected_runs": 500000.87896799995,
    "z_statistic": 5.559103694251556,
    "p_value": 3.7877373011548434e-15,
    "passed": false
}