{
    "total_runs": 494751,
    "expected_runs": 500000.440318,
    "z_statistic": 7.422423787415311,
    "p_value": 8.927072572037999e-26,
    "passed": false
}