{
    "total_runs": 493026,
    "expected_runs": 499998.46424799995,
    "z_statistic": 9.859189290038596,
    "p_value": 3.4704436380287384e-44,
    "passed": false
}