{
    "total_runs": 496252,
    "expected_runs": 499999.114318,
    "z_statistic": 5.2978256547445595,
    "p_value": 6.769924913140485e-14,
    "passed": false
}