{
    "total_runs": 494084,
    "expected_runs": 500000.88954999996,
    "z_statistic": 8.366333083234194,
    "p_value": 2.674047016251571e-32,
    "passed": false
}