{
    "total_runs": 495233,
    "expected_runs": 500000.4015820001,
    "z_statistic": 6.74071782851485,
    "p_value": 1.5307564667185792e-21,
    "passed": false
}