{
    "total_runs": 494989,
    "expected_runs": 500000.561952,
    "z_statistic": 7.086010875654818,
    "p_value": 1.2308416110770992e-23,
    "passed": false
}