{
    "total_runs": 495161,
    "expected_runs": 499993.688512,
    "z_statistic": 6.833139343665338,
    "p_value": 4.308085812486692e-22,
    "passed": false
}