{
    "total_runs": 494812,
    "expected_runs": 500000.3502,
    "z_statistic": 7.336030539524056,
    "p_value": 3.2317902148181115e-25,
    "passed": false
}