{
    "total_runs": 494623,
    "expected_runs": 500000.905822,
    "z_statistic": 7.6040945693520925,
    "p_value": 5.6860949661813716e-27,
    "passed": false
}