{
    "total_runs": 494159,
    "expected_runs": 499993.7038000001,
    "z_statistic": 8.250223423387851,
    "p_value": 1.8666223820665774e-31,
    "passed": false
}