{
    "total_runs": 495584,
    "expected_runs": 500000.999422,
    "z_statistic": 6.245166281243592,
    "p_value": 1.0282149901586783e-18,
    "passed": false
}