{
    "total_runs": 495431,
    "expected_runs": 499993.78759799997,
    "z_statistic": 6.451434950441616,
    "p_value": 7.25977851766189e-20,
    "passed": false
}