{
    "total_runs": 494371,
    "expected_runs": 499997.72831800004,
    "z_statistic": 7.9560333447642035,
    "p_value": 2.2760847772970587e-29,
    "passed": false
}