{
    "total_runs": 495088,
    "expected_runs": 499996.21358199994,
    "z_statistic": 6.939914435788517,
    "p_value": 9.749981747338921e-23,
    "passed": false
}