{
    "total_runs": 494735,
    "expected_runs": 500000.94943800004,
    "z_statistic": 7.445763653373665,
    "p_value": 6.290130663539692e-26,
    "passed": false
}