{
    "total_runs": 495181,
    "expected_runs": 500000.320222,
    "z_statistic": 6.8141430700180505,
    "p_value": 5.598329624480659e-22,
    "passed": false
}