{
    "total_runs": 495003,
    "expected_runs": 499999.665022,
    "z_statistic": 7.06495609030715,
    "p_value": 1.6628995760894028e-23,
    "passed": false
}