{
    "total_runs": 495959,
    "expected_runs": 499998.62380000006,
    "z_statistic": 5.7115036946330076,
    "p_value": 6.622411184941646e-16,
    "passed": false
}