{
    "total_runs": 494106,
    "expected_runs": 499994.958712,
    "z_statistic": 8.326931675988032,
    "p_value": 5.186122860356923e-32,
    "passed": false
}