{
    "total_runs": 495375,
    "expected_runs": 499999.847838,
    "z_statistic": 6.539123391108064,
    "p_value": 2.2933864787145216e-20,
    "passed": false
}