{
    "total_runs": 496090,
    "expected_runs": 499996.269112,
    "z_statistic": 5.522936799698006,
    "p_value": 5.691090368869282e-15,
    "passed": false
}