{
    "total_runs": 494835,
    "expected_runs": 500000.7172479999,
    "z_statistic": 7.30401730839473,
    "p_value": 5.186228757009563e-25,
    "passed": false
}