{
    "total_runs": 495473,
    "expected_runs": 500000.98875,
    "z_statistic": 6.402129031008354,
    "p_value": 1.3785298272585945e-19,
    "passed": false
}