{
    "total_runs": 495445,
    "expected_runs": 499995.515328,
    "z_statistic": 6.434056856464866,
    "p_value": 9.105790597684086e-20,
    "passed": false
}