{
    "total_runs": 495512,
    "expected_runs": 499998.8782,
    "z_statistic": 6.34401671106309,
    "p_value": 2.9172236072604895e-19,
    "passed": false
}