{
    "total_runs": 495440,
    "expected_runs": 500000.72620000003,
    "z_statistic": 6.448430163908341,
    "p_value": 7.550138793443918e-20,
    "passed": false
}