{
    "total_runs": 494856,
    "expected_runs": 499997.7640319999,
    "z_statistic": 7.2701852671878395,
    "p_value": 8.530440298843788e-25,
    "passed": false
}