{
    "total_runs": 495082,
    "expected_runs": 499997.557312,
    "z_statistic": 6.95028145899144,
    "p_value": 8.430045537838801e-23,
    "passed": false
}