{
    "total_runs": 496406,
    "expected_runs": 499995.88,
    "z_statistic": 5.075494742795726,
    "p_value": 7.082473631869509e-13,
    "passed": false
}