{
    "total_runs": 495600,
    "expected_runs": 499993.946232,
    "z_statistic": 6.212651785278925,
    "p_value": 1.5495697215531347e-18,
    "passed": false
}