{
    "total_runs": 495251,
    "expected_runs": 499994.2582079999,
    "z_statistic": 6.706656303792258,
    "p_value": 2.4321112108320776e-21,
    "passed": false
}