{
    "total_runs": 493854,
    "expected_runs": 499993.901088,
    "z_statistic": 8.681840439959089,
    "p_value": 1.189358719369889e-34,
    "passed": false
}