{
    "total_runs": 495204,
    "expected_runs": 499994.727118,
    "z_statistic": 6.77378203261254,
    "p_value": 9.744563318913382e-22,
    "passed": false
}