{
    "total_runs": 495002,
    "expected_runs": 499996.68995200004,
    "z_statistic": 7.062204933289209,
    "p_value": 1.729462890802098e-23,
    "passed": false
}