{
    "total_runs": 495828,
    "expected_runs": 500000.05055799993,
    "z_statistic": 5.898767469542535,
    "p_value": 7.297222650044588e-17,
    "passed": false
}