{
    "total_runs": 495616,
    "expected_runs": 499997.57827199996,
    "z_statistic": 6.195115599300252,
    "p_value": 1.9315441821088533e-18,
    "passed": false
}