{
    "total_runs": 495203,
    "expected_runs": 499999.2328,
    "z_statistic": 6.781507229055459,
    "p_value": 8.765959695707952e-22,
    "passed": false
}