{
    "total_runs": 494569,
    "expected_runs": 499993.488312,
    "z_statistic": 7.670085956787647,
    "p_value": 2.0576417950309307e-27,
    "passed": false
}