{
    "total_runs": 495066,
    "expected_runs": 499997.322528,
    "z_statistic": 6.972580268908603,
    "p_value": 6.160750817383118e-23,
    "passed": false
}