{
    "total_runs": 495969,
    "expected_runs": 499996.28140800004,
    "z_statistic": 5.694075509162586,
    "p_value": 8.102775828248173e-16,
    "passed": false
}