{
    "total_runs": 495647,
    "expected_runs": 500000.89875000005,
    "z_statistic": 6.155929694462729,
    "p_value": 3.1534453620324126e-18,
    "passed": false
}