{
    "total_runs": 494833,
    "expected_runs": 499999.898872,
    "z_statistic": 7.305700335652658,
    "p_value": 5.059117058051692e-25,
    "passed": false
}