{
    "total_runs": 495109,
    "expected_runs": 499994.065912,
    "z_statistic": 6.907208042651351,
    "p_value": 1.540643084608477e-22,
    "passed": false
}