{
    "total_runs": 495000,
    "expected_runs": 500000.99438200006,
    "z_statistic": 7.0710599462641985,
    "p_value": 1.524141798243557e-23,
    "passed": false
}