{
    "total_runs": 496283,
    "expected_runs": 499996.051342,
    "z_statistic": 5.249685309876089,
    "p_value": 1.1348403550511613e-13,
    "passed": false
}