{
    "total_runs": 494279,
    "expected_runs": 499999.951648,
    "z_statistic": 8.08925015748308,
    "p_value": 2.6410680062384255e-30,
    "passed": false
}