{
    "total_runs": 494153,
    "expected_runs": 499995.937438,
    "z_statistic": 8.261830807416114,
    "p_value": 1.5389229825689518e-31,
    "passed": false
}