{
    "total_runs": 497357,
    "expected_runs": 500000.97355,
    "z_statistic": 3.7377292371292348,
    "p_value": 1.250558408777234e-07,
    "passed": false
}