{
    "total_runs": 495111,
    "expected_runs": 499999.394368,
    "z_statistic": 6.911841595639542,
    "p_value": 1.444136228518194e-22,
    "passed": false
}