{
    "total_runs": 494615,
    "expected_runs": 499998.882318,
    "z_statistic": 7.612577420810305,
    "p_value": 4.992049180555715e-27,
    "passed": false
}