{
    "total_runs": 496162,
    "expected_runs": 499999.496622,
    "z_statistic": 5.425641868412216,
    "p_value": 1.6799811113312174e-14,
    "passed": false
}