{
    "total_runs": 494988,
    "expected_runs": 499996.887288,
    "z_statistic": 7.082280376284437,
    "p_value": 1.2983179815432885e-23,
    "passed": false
}