{
    "total_runs": 495003,
    "expected_runs": 499995.535182,
    "z_statistic": 7.059173905648135,
    "p_value": 1.8058551662088844e-23,
    "passed": false
}