{
    "total_runs": 495023,
    "expected_runs": 500000.263102,
    "z_statistic": 7.037509140638026,
    "p_value": 2.4582515688138168e-23,
    "passed": false
}