{
    "total_runs": 493650,
    "expected_runs": 499997.909902,
    "z_statistic": 8.975941535646443,
    "p_value": 6.3923163457702996e-37,
    "passed": false
}