{
    "total_runs": 494913,
    "expected_runs": 500000.511928,
    "z_statistic": 7.19342117556507,
    "p_value": 2.616303609664227e-24,
    "passed": false
}