{
    "total_runs": 494870,
    "expected_runs": 499993.340302,
    "z_statistic": 7.244194102856854,
    "p_value": 1.2483441112602282e-24,
    "passed": false
}