{
    "total_runs": 494435,
    "expected_runs": 500000.2990719999,
    "z_statistic": 7.869118244092922,
    "p_value": 9.104029422347399e-29,
    "passed": false
}