{
    "total_runs": 495203,
    "expected_runs": 499994.83292799996,
    "z_statistic": 6.77534446991549,
    "p_value": 9.538287854083068e-22,
    "passed": false
}