{
    "total_runs": 494659,
    "expected_runs": 500000.653888,
    "z_statistic": 7.552830388600666,
    "p_value": 1.2449526340452294e-26,
    "passed": false
}