{
    "total_runs": 494541,
    "expected_runs": 499996.262958,
    "z_statistic": 7.713565726922441,
    "p_value": 1.048249814565936e-27,
    "passed": false
}