{
    "total_runs": 494691,
    "expected_runs": 500000.861662,
    "z_statistic": 7.507866240409385,
    "p_value": 2.464919174931879e-26,
    "passed": false
}