{
    "total_runs": 494868,
    "expected_runs": 500000.85954999994,
    "z_statistic": 7.257547414448867,
    "p_value": 1.0267141362897796e-24,
    "passed": false
}