{
    "total_runs": 494788,
    "expected_runs": 499993.80278200004,
    "z_statistic": 7.360808638470531,
    "p_value": 2.2379590927734627e-25,
    "passed": false
}