{
    "total_runs": 494745,
    "expected_runs": 500000.98380000005,
    "z_statistic": 7.431669600797062,
    "p_value": 7.771996416517225e-26,
    "passed": false
}