{
    "total_runs": 494994,
    "expected_runs": 500000.95070199994,
    "z_statistic": 7.079484073348248,
    "p_value": 1.3512871040193174e-23,
    "passed": false
}