{
    "total_runs": 494533,
    "expected_runs": 500000.94554999995,
    "z_statistic": 7.731429383517822,
    "p_value": 7.936933504340768e-28,
    "passed": false
}