{
    "total_runs": 495161,
    "expected_runs": 499997.869998,
    "z_statistic": 6.83899574918547,
    "p_value": 3.9732517528340433e-22,
    "passed": false
}