{
    "total_runs": 495495,
    "expected_runs": 499995.3552,
    "z_statistic": 6.363120982864545,
    "p_value": 2.281732735123961e-19,
    "passed": false
}