{
    "total_runs": 495314,
    "expected_runs": 499999.820352,
    "z_statistic": 6.625352110246642,
    "p_value": 7.276461263046635e-21,
    "passed": false
}