{
    "total_runs": 495918,
    "expected_runs": 499999.52080000006,
    "z_statistic": 5.770744929077389,
    "p_value": 3.3208134707691784e-16,
    "passed": false
}