{
    "total_runs": 495135,
    "expected_runs": 500000.82476800005,
    "z_statistic": 6.879903576632741,
    "p_value": 2.2536051765785905e-22,
    "passed": false
}