{
    "total_runs": 493880,
    "expected_runs": 499998.50015199994,
    "z_statistic": 8.651494937622413,
    "p_value": 2.019518890750699e-34,
    "passed": false
}