{
    "total_runs": 495512,
    "expected_runs": 499994.6204080001,
    "z_statistic": 6.338049230738085,
    "p_value": 3.1494610511416157e-19,
    "passed": false
}