{
    "total_runs": 496153,
    "expected_runs": 500000.95795000007,
    "z_statistic": 5.440420564308465,
    "p_value": 1.4269814704822635e-14,
    "passed": false
}