{
    "total_runs": 494475,
    "expected_runs": 499993.58104799996,
    "z_statistic": 7.803153732020276,
    "p_value": 2.5811421752291596e-28,
    "passed": false
}