{
    "total_runs": 495448,
    "expected_runs": 499999.9632,
    "z_statistic": 6.436047225088384,
    "p_value": 8.872814421406338e-20,
    "passed": false
}