{
    "total_runs": 495144,
    "expected_runs": 500000.045038,
    "z_statistic": 6.866083652369727,
    "p_value": 2.7304598028800925e-22,
    "passed": false
}