{
    "total_runs": 495193,
    "expected_runs": 500000.211232,
    "z_statistic": 6.797019830467738,
    "p_value": 7.085142103834367e-22,
    "passed": false
}