{
    "total_runs": 494607,
    "expected_runs": 499999.960318,
    "z_statistic": 7.625399265473863,
    "p_value": 4.0992845072014265e-27,
    "passed": false
}