{
    "total_runs": 494466,
    "expected_runs": 499996.16394999996,
    "z_statistic": 7.819494277604936,
    "p_value": 1.995491659115545e-28,
    "passed": false
}