{
    "total_runs": 495063,
    "expected_runs": 499993.38719800004,
    "z_statistic": 6.971312372041503,
    "p_value": 6.271755933116141e-23,
    "passed": false
}