{
    "total_runs": 494678,
    "expected_runs": 499999.430008,
    "z_statistic": 7.52424790098841,
    "p_value": 1.922767296098775e-26,
    "passed": false
}