{
    "total_runs": 495654,
    "expected_runs": 499997.718078,
    "z_statistic": 6.141571115785147,
    "p_value": 3.771027156497641e-18,
    "passed": false
}