{
    "total_runs": 495078,
    "expected_runs": 499997.676958,
    "z_statistic": 6.956105893799717,
    "p_value": 7.767778038211451e-23,
    "passed": false
}