{
    "total_runs": 495334,
    "expected_runs": 499998.6412079999,
    "z_statistic": 6.595415760823368,
    "p_value": 1.0857506786729218e-20,
    "passed": false
}