{
    "total_runs": 495077,
    "expected_runs": 500000.17567200004,
    "z_statistic": 6.961019068051215,
    "p_value": 7.249371070141531e-23,
    "passed": false
}