{
    "total_runs": 496418,
    "expected_runs": 499994.382478,
    "z_statistic": 5.056421313017304,
    "p_value": 8.623615965127516e-13,
    "passed": false
}