{
    "total_runs": 495263,
    "expected_runs": 499999.6878,
    "z_statistic": 6.697291490296613,
    "p_value": 2.761165787330661e-21,
    "passed": false
}