{
    "total_runs": 494980,
    "expected_runs": 500000.737912,
    "z_statistic": 7.098985155826419,
    "p_value": 1.0221041984999898e-23,
    "passed": false
}