{
    "total_runs": 494545,
    "expected_runs": 499997.984032,
    "z_statistic": 7.710316268030228,
    "p_value": 1.1025831564619976e-27,
    "passed": false
}