{
    "total_runs": 495216,
    "expected_runs": 499998.16303799994,
    "z_statistic": 6.761623977197028,
    "p_value": 1.1507891078507682e-21,
    "passed": false
}