{
    "total_runs": 495295,
    "expected_runs": 500000.7035500001,
    "z_statistic": 6.653459512191122,
    "p_value": 4.989168855867503e-21,
    "passed": false
}