{
    "total_runs": 494066,
    "expected_runs": 500000.652222,
    "z_statistic": 8.391457283486119,
    "p_value": 1.749989403534136e-32,
    "passed": false
}