{
    "total_runs": 494439,
    "expected_runs": 500000.9118,
    "z_statistic": 7.864318273986326,
    "p_value": 9.824092749303561e-29,
    "passed": false
}