{
    "total_runs": 495258,
    "expected_runs": 499993.222432,
    "z_statistic": 6.695305717016299,
    "p_value": 2.836406444776269e-21,
    "passed": false
}