{
    "total_runs": 494427,
    "expected_runs": 499998.18206200004,
    "z_statistic": 7.877471413419864,
    "p_value": 7.973620797424803e-29,
    "passed": false
}