{
    "total_runs": 495765,
    "expected_runs": 500000.764702,
    "z_statistic": 5.988864493362954,
    "p_value": 2.4637798662414746e-17,
    "passed": false
}