{
    "total_runs": 495998,
    "expected_runs": 499997.289912,
    "z_statistic": 5.654477777070234,
    "p_value": 1.2786124465872828e-15,
    "passed": false
}