{
    "total_runs": 495499,
    "expected_runs": 500000.9415179999,
    "z_statistic": 6.365293282713797,
    "p_value": 2.218767391006729e-19,
    "passed": false
}