{
    "total_runs": 494901,
    "expected_runs": 499994.853982,
    "z_statistic": 7.202471705571675,
    "p_value": 2.2938642084336016e-24,
    "passed": false
}