{
    "total_runs": 495180,
    "expected_runs": 499996.207392,
    "z_statistic": 6.809796872779537,
    "p_value": 5.943543849330507e-22,
    "passed": false
}