{
    "total_runs": 495453,
    "expected_runs": 499995.24038200005,
    "z_statistic": 6.422357718875081,
    "p_value": 1.0602585426423649e-19,
    "passed": false
}