{
    "total_runs": 494421,
    "expected_runs": 499999.44062199997,
    "z_statistic": 7.887716770826987,
    "p_value": 6.775675616592319e-29,
    "passed": false
}