{
    "total_runs": 495579,
    "expected_runs": 500000.65055200004,
    "z_statistic": 6.251748334472463,
    "p_value": 9.460507470894386e-19,
    "passed": false
}