{
    "total_runs": 495685,
    "expected_runs": 499997.091192,
    "z_statistic": 6.096851295195858,
    "p_value": 6.565130065824963e-18,
    "passed": false
}