{
    "total_runs": 495103,
    "expected_runs": 500000.631918,
    "z_statistic": 6.924888366238099,
    "p_value": 1.2033849826036016e-22,
    "passed": false
}