{
    "total_runs": 495108,
    "expected_runs": 500000.93228799995,
    "z_statistic": 6.918237924795831,
    "p_value": 1.3206751090130285e-22,
    "passed": false
}