{
    "total_runs": 494923,
    "expected_runs": 499998.955758,
    "z_statistic": 7.177100604868056,
    "p_value": 3.315229970192292e-24,
    "passed": false
}