{
    "total_runs": 495646,
    "expected_runs": 500000.81272799993,
    "z_statistic": 6.157223314121157,
    "p_value": 3.1029776222332444e-18,
    "passed": false
}