{
    "total_runs": 494652,
    "expected_runs": 500000.53920000006,
    "z_statistic": 7.56256943162584,
    "p_value": 1.073174374613857e-26,
    "passed": false
}