{
    "total_runs": 495805,
    "expected_runs": 499998.473248,
    "z_statistic": 5.929082489850093,
    "p_value": 5.073055615170153e-17,
    "passed": false
}