{
    "total_runs": 495168,
    "expected_runs": 499997.16355,
    "z_statistic": 6.828106765145823,
    "p_value": 4.618023193976704e-22,
    "passed": false
}