{
    "total_runs": 493842,
    "expected_runs": 500000.81999999995,
    "z_statistic": 8.70847569370347,
    "p_value": 7.461674762476764e-35,
    "passed": false
}