{
    "total_runs": 495260,
    "expected_runs": 500000.99955,
    "z_statistic": 6.703371655285412,
    "p_value": 2.5428524510790414e-21,
    "passed": false
}