{
    "total_runs": 494865,
    "expected_runs": 499994.272888,
    "z_statistic": 7.252570647469916,
    "p_value": 1.1043429458049008e-24,
    "passed": false
}