{
    "total_runs": 494931,
    "expected_runs": 499994.930872,
    "z_statistic": 7.160152416302863,
    "p_value": 4.2369249728084986e-24,
    "passed": false
}