{
    "total_runs": 495331,
    "expected_runs": 499999.922488,
    "z_statistic": 6.60145351692674,
    "p_value": 1.0016984536182264e-20,
    "passed": false
}