{
    "total_runs": 494195,
    "expected_runs": 499998.82012800005,
    "z_statistic": 8.20646270310578,
    "p_value": 3.855611144838199e-31,
    "passed": false
}