{
    "total_runs": 494163,
    "expected_runs": 500000.969742,
    "z_statistic": 8.25472227184054,
    "p_value": 1.7321092920282583e-31,
    "passed": false
}