{
    "total_runs": 495298,
    "expected_runs": 499997.879998,
    "z_statistic": 6.645261287592262,
    "p_value": 5.5705942740803335e-21,
    "passed": false
}