{
    "total_runs": 496084,
    "expected_runs": 499998.14872799994,
    "z_statistic": 5.5340595609386884,
    "p_value": 5.022694982665603e-15,
    "passed": false
}