{
    "total_runs": 495795,
    "expected_runs": 499999.04375799996,
    "z_statistic": 5.944024741712816,
    "p_value": 4.237960728170876e-17,
    "passed": false
}