{
    "total_runs": 494672,
    "expected_runs": 499993.09571200004,
    "z_statistic": 7.523870450711236,
    "p_value": 1.9338148945662226e-26,
    "passed": false
}