{
    "total_runs": 494936,
    "expected_runs": 499999.25902199995,
    "z_statistic": 7.1591402929693935,
    "p_value": 4.299373811896874e-24,
    "passed": false
}