{
    "total_runs": 496985,
    "expected_runs": 500000.23367799993,
    "z_statistic": 4.262776680908344,
    "p_value": 1.6551236028028296e-09,
    "passed": false
}