{
    "total_runs": 495801,
    "expected_runs": 499996.921632,
    "z_statistic": 5.9325634554206035,
    "p_value": 4.8650744696616657e-17,
    "passed": false
}