{
    "total_runs": 495400,
    "expected_runs": 499996.026142,
    "z_statistic": 6.498412933841619,
    "p_value": 3.923168976138801e-20,
    "passed": false
}