{
    "total_runs": 494744,
    "expected_runs": 500000.63534199994,
    "z_statistic": 7.4325962002549995,
    "p_value": 7.664745709923937e-26,
    "passed": false
}