{
    "total_runs": 494003,
    "expected_runs": 500000.79775200004,
    "z_statistic": 8.480756142118883,
    "p_value": 3.8385081321602334e-33,
    "passed": false
}