{
    "total_runs": 494140,
    "expected_runs": 499997.875,
    "z_statistic": 8.282923826397836,
    "p_value": 1.0828431621713083e-31,
    "passed": false
}