{
    "total_runs": 496291,
    "expected_runs": 500000.873998,
    "z_statistic": 5.245141230901088,
    "p_value": 1.1912680744400946e-13,
    "passed": false
}