{
    "total_runs": 496207,
    "expected_runs": 500000.99999200006,
    "z_statistic": 5.364112030853344,
    "p_value": 3.2993246360589723e-14,
    "passed": false
}