{
    "total_runs": 495302,
    "expected_runs": 499995.8158,
    "z_statistic": 6.63671256216925,
    "p_value": 6.248274191580315e-21,
    "passed": false
}