{
    "total_runs": 495578,
    "expected_runs": 499998.38252800005,
    "z_statistic": 6.249983426725598,
    "p_value": 9.67423312309377e-19,
    "passed": false
}