{
    "total_runs": 494738,
    "expected_runs": 500000.14456799993,
    "z_statistic": 7.440394731174532,
    "p_value": 6.818321530004873e-26,
    "passed": false
}