{
    "total_runs": 494590,
    "expected_runs": 499999.980408,
    "z_statistic": 7.649469050278857,
    "p_value": 2.8293583321962763e-27,
    "passed": false
}