{
    "total_runs": 495211,
    "expected_runs": 499995.65355,
    "z_statistic": 6.76518006749813,
    "p_value": 1.0961789809030848e-21,
    "passed": false
}