{
    "total_runs": 495941,
    "expected_runs": 500000.99768800003,
    "z_statistic": 5.740289606553781,
    "p_value": 4.739467039360191e-16,
    "passed": false
}