{
    "total_runs": 494441,
    "expected_runs": 499996.312078,
    "z_statistic": 7.855057118150423,
    "p_value": 1.1376813301817568e-28,
    "passed": false
}