{
    "total_runs": 495190,
    "expected_runs": 500000.440318,
    "z_statistic": 6.801583338587074,
    "p_value": 6.654446054001818e-22,
    "passed": false
}