{
    "total_runs": 495352,
    "expected_runs": 499996.84703799995,
    "z_statistic": 6.567446011433098,
    "p_value": 1.575528038591948e-20,
    "passed": false
}