{
    "total_runs": 494561,
    "expected_runs": 499996.34875,
    "z_statistic": 7.68540119835993,
    "p_value": 1.6232418654115136e-27,
    "passed": false
}