{
    "total_runs": 495311,
    "expected_runs": 499996.02614199993,
    "z_statistic": 6.624279192974542,
    "p_value": 7.381810032340908e-21,
    "passed": false
}