{
    "total_runs": 495822,
    "expected_runs": 500000.537278,
    "z_statistic": 5.907935343330063,
    "p_value": 6.538711489175496e-17,
    "passed": false
}