{
    "total_runs": 496533,
    "expected_runs": 499998.92327800003,
    "z_statistic": 4.900161844877699,
    "p_value": 4.212116292187699e-12,
    "passed": false
}