{
    "total_runs": 494239,
    "expected_runs": 499994.67743200005,
    "z_statistic": 8.138445783170608,
    "p_value": 1.1816093034726212e-30,
    "passed": false
}