{
    "total_runs": 494829,
    "expected_runs": 499996.944448,
    "z_statistic": 7.307222184029043,
    "p_value": 4.9468388863935545e-25,
    "passed": false
}