{
    "total_runs": 492935,
    "expected_runs": 499999.09875,
    "z_statistic": 9.988768026920882,
    "p_value": 2.617098636521074e-45,
    "passed": false
}