{
    "total_runs": 493001,
    "expected_runs": 499999.198798,
    "z_statistic": 9.895569086589976,
    "p_value": 1.6853310567045372e-44,
    "passed": false
}