{
    "total_runs": 495615,
    "expected_runs": 499995.515328,
    "z_statistic": 6.193637913623352,
    "p_value": 1.9676878374700598e-18,
    "passed": false
}