{
    "total_runs": 496557,
    "expected_runs": 499994.19195,
    "z_statistic": 4.859575427072236,
    "p_value": 6.3096345415114534e-12,
    "passed": false
}