{
    "total_runs": 494919,
    "expected_runs": 499996.0702000001,
    "z_statistic": 7.178718099686988,
    "p_value": 3.238419374732831e-24,
    "passed": false
}