{
    "total_runs": 496140,
    "expected_runs": 499999.945848,
    "z_statistic": 5.457385060531701,
    "p_value": 1.182545328932051e-14,
    "passed": false
}