{
    "total_runs": 493897,
    "expected_runs": 500000.2582380001,
    "z_statistic": 8.629909163960043,
    "p_value": 2.9398470255276024e-34,
    "passed": false
}