{
    "total_runs": 494680,
    "expected_runs": 499999.8448,
    "z_statistic": 7.521999831146051,
    "p_value": 1.9895017388044404e-26,
    "passed": false
}