{
    "total_runs": 494563,
    "expected_runs": 499995.98188800004,
    "z_statistic": 7.682059555445144,
    "p_value": 1.7095081431740604e-27,
    "passed": false
}