{
    "total_runs": 495700,
    "expected_runs": 499999.85995,
    "z_statistic": 6.079519905945881,
    "p_value": 8.130158297979707e-18,
    "passed": false
}