{
    "total_runs": 494402,
    "expected_runs": 499999.69103800005,
    "z_statistic": 7.914937091055391,
    "p_value": 4.392040142804284e-29,
    "passed": false
}