{
    "total_runs": 494475,
    "expected_runs": 499993.88600800006,
    "z_statistic": 7.803580257357464,
    "p_value": 2.5638794992629885e-28,
    "passed": false
}