{
    "total_runs": 493901,
    "expected_runs": 499994.584638,
    "z_statistic": 8.616326378671232,
    "p_value": 3.72163883190099e-34,
    "passed": false
}