{
    "total_runs": 495930,
    "expected_runs": 499996.90447799995,
    "z_statistic": 5.750104355458813,
    "p_value": 4.226986129753981e-16,
    "passed": false
}