{
    "total_runs": 494929,
    "expected_runs": 499999.06348799996,
    "z_statistic": 7.168766098062952,
    "p_value": 3.740551639057068e-24,
    "passed": false
}