{
    "total_runs": 494651,
    "expected_runs": 500000.81999999995,
    "z_statistic": 7.564376509867929,
    "p_value": 1.0439905837196569e-26,
    "passed": false
}