{
    "total_runs": 494055,
    "expected_runs": 499993.840672,
    "z_statistic": 8.397495050395888,
    "p_value": 1.5801701953340456e-32,
    "passed": false
}