{
    "total_runs": 495542,
    "expected_runs": 499998.0329519999,
    "z_statistic": 6.300405408747869,
    "p_value": 5.09779203715579e-19,
    "passed": false
}