{
    "total_runs": 495262,
    "expected_runs": 499998.186808,
    "z_statistic": 6.696603081904238,
    "p_value": 2.787023184488549e-21,
    "passed": false
}