{
    "total_runs": 495088,
    "expected_runs": 499998.25283199997,
    "z_statistic": 6.9427700820444835,
    "p_value": 9.367236352429857e-23,
    "passed": false
}