{
    "total_runs": 496442,
    "expected_runs": 499995.000352,
    "z_statistic": 5.02334734798415,
    "p_value": 1.2112146567388546e-12,
    "passed": false
}