{
    "total_runs": 495073,
    "expected_runs": 499999.625518,
    "z_statistic": 6.965905559750193,
    "p_value": 6.767778938693638e-23,
    "passed": false
}