{
    "total_runs": 495328,
    "expected_runs": 499995.78355000005,
    "z_statistic": 6.599897445139786,
    "p_value": 1.022724232121804e-20,
    "passed": false
}