{
    "total_runs": 495848,
    "expected_runs": 499998.6542219999,
    "z_statistic": 5.868524812423863,
    "p_value": 1.0468485495500334e-16,
    "passed": false
}