{
    "total_runs": 493884,
    "expected_runs": 499995.54839799996,
    "z_statistic": 8.641714640366358,
    "p_value": 2.3943421286213274e-34,
    "passed": false
}