{
    "total_runs": 496016,
    "expected_runs": 499994.1697920001,
    "z_statistic": 5.624644294688022,
    "p_value": 1.7993156859538238e-15,
    "passed": false
}