{
    "total_runs": 495655,
    "expected_runs": 500000.32255200006,
    "z_statistic": 6.143808196582924,
    "p_value": 3.667495176019461e-18,
    "passed": false
}