{
    "total_runs": 495486,
    "expected_runs": 500000.9422,
    "z_statistic": 6.383679016961526,
    "p_value": 1.750209151453946e-19,
    "passed": false
}