{
    "total_runs": 495386,
    "expected_runs": 499997.3008,
    "z_statistic": 6.51999815553392,
    "p_value": 2.952500243428905e-20,
    "passed": false
}