{
    "total_runs": 494349,
    "expected_runs": 500000.38616799994,
    "z_statistic": 7.990862561525152,
    "p_value": 1.300484471832904e-29,
    "passed": false
}