{
    "total_runs": 496284,
    "expected_runs": 499996.04504799994,
    "z_statistic": 5.248262247234069,
    "p_value": 1.1522231894113778e-13,
    "passed": false
}