{
    "total_runs": 493953,
    "expected_runs": 499999.578702,
    "z_statistic": 8.549763696286455,
    "p_value": 1.175687792051844e-33,
    "passed": false
}