{
    "total_runs": 493876,
    "expected_runs": 500000.13143799995,
    "z_statistic": 8.659430566317269,
    "p_value": 1.7587111625858951e-34,
    "passed": false
}