{
    "total_runs": 494312,
    "expected_runs": 499995.096952,
    "z_statistic": 8.035793443586044,
    "p_value": 6.294695137038304e-30,
    "passed": false
}