{
    "total_runs": 494978,
    "expected_runs": 499997.84995,
    "z_statistic": 7.097770383468728,
    "p_value": 1.0400587093575305e-23,
    "passed": false
}