{
    "total_runs": 495701,
    "expected_runs": 500000.970232,
    "z_statistic": 6.079662368291379,
    "p_value": 8.11590186725262e-18,
    "passed": false
}