{
    "total_runs": 495935,
    "expected_runs": 500000.99755000003,
    "z_statistic": 5.748774694392441,
    "p_value": 4.293076466211042e-16,
    "passed": false
}