{
    "total_runs": 495538,
    "expected_runs": 499993.33247200004,
    "z_statistic": 6.299473996007828,
    "p_value": 5.158715090484617e-19,
    "passed": false
}