{
    "total_runs": 494327,
    "expected_runs": 500000.774208,
    "z_statistic": 8.022517844074574,
    "p_value": 7.803088874066079e-30,
    "passed": false
}