{
    "total_runs": 494489,
    "expected_runs": 499996.800798,
    "z_statistic": 7.787857779394524,
    "p_value": 3.282622001505224e-28,
    "passed": false
}