{
    "total_runs": 494962,
    "expected_runs": 499994.8118380001,
    "z_statistic": 7.116144616320608,
    "p_value": 7.989721531929498e-24,
    "passed": false
}