{
    "total_runs": 495324,
    "expected_runs": 500000.505982,
    "z_statistic": 6.612170503763394,
    "p_value": 8.68055056295593e-21,
    "passed": false
}