{
    "total_runs": 494643,
    "expected_runs": 499994.397022,
    "z_statistic": 7.566703958152541,
    "p_value": 1.0075596093251642e-26,
    "passed": false
}