{
    "total_runs": 496196,
    "expected_runs": 500000.933022,
    "z_statistic": 5.379574390697557,
    "p_value": 2.7865623330059672e-14,
    "passed": false
}