{
    "total_runs": 494577,
    "expected_runs": 499998.355,
    "z_statistic": 7.665580104795546,
    "p_value": 2.206127784492179e-27,
    "passed": false
}