{
    "total_runs": 495318,
    "expected_runs": 499994.98648799997,
    "z_statistic": 6.612923042587033,
    "p_value": 8.593629902642019e-21,
    "passed": false
}