{
    "total_runs": 494073,
    "expected_runs": 500000.444542,
    "z_statistic": 8.381267558832654,
    "p_value": 2.0786476702511858e-32,
    "passed": false
}