{
    "total_runs": 495392,
    "expected_runs": 500000.776888,
    "z_statistic": 6.5163834751656236,
    "p_value": 3.096637707613965e-20,
    "passed": false
}