{
    "total_runs": 495490,
    "expected_runs": 500000.58047200006,
    "z_statistic": 6.377515215207754,
    "p_value": 1.8952227923772767e-19,
    "passed": false
}