{
    "total_runs": 495616,
    "expected_runs": 500000.27519200003,
    "z_statistic": 6.198896210159103,
    "p_value": 1.8420290560667165e-18,
    "passed": false
}