{
    "total_runs": 494643,
    "expected_runs": 500000.17567200004,
    "z_statistic": 7.574788766016232,
    "p_value": 8.905331823571137e-27,
    "passed": false
}