{
    "total_runs": 495437,
    "expected_runs": 499998.201022,
    "z_statistic": 6.449134234429721,
    "p_value": 7.48108962173024e-20,
    "passed": false
}