{
    "total_runs": 494658,
    "expected_runs": 500000.60395,
    "z_statistic": 7.554174734577528,
    "p_value": 1.219710404316893e-26,
    "passed": false
}