{
    "total_runs": 496329,
    "expected_runs": 500000.236152,
    "z_statistic": 5.190505672785232,
    "p_value": 2.1282358202693807e-13,
    "passed": false
}