{
    "total_runs": 495752,
    "expected_runs": 499994.14019199996,
    "z_statistic": 5.997960269163656,
    "p_value": 2.2060182169725808e-17,
    "passed": false
}