{
    "total_runs": 494915,
    "expected_runs": 500000.99630199996,
    "z_statistic": 7.191270788092011,
    "p_value": 2.6992895562582834e-24,
    "passed": false
}