{
    "total_runs": 494067,
    "expected_runs": 499993.348128,
    "z_statistic": 8.379835927263398,
    "p_value": 2.1294883220825804e-32,
    "passed": false
}