{
    "total_runs": 495524,
    "expected_runs": 499995.956512,
    "z_statistic": 6.322951115506864,
    "p_value": 3.821784496731244e-19,
    "passed": false
}