{
    "total_runs": 495204,
    "expected_runs": 499993.878462,
    "z_statistic": 6.772593332078346,
    "p_value": 9.904448239758356e-22,
    "passed": false
}