{
    "total_runs": 495441,
    "expected_runs": 499994.783662,
    "z_statistic": 6.438688451478388,
    "p_value": 8.572728042656408e-20,
    "passed": false
}