{
    "total_runs": 496217,
    "expected_runs": 500000.591392,
    "z_statistic": 5.34939641909443,
    "p_value": 3.873011682550476e-14,
    "passed": false
}