{
    "total_runs": 494727,
    "expected_runs": 500000.77286200004,
    "z_statistic": 7.456830280212292,
    "p_value": 5.326001782410448e-26,
    "passed": false
}