{
    "total_runs": 495057,
    "expected_runs": 499999.2590220001,
    "z_statistic": 6.988019856088582,
    "p_value": 4.95543076845433e-23,
    "passed": false
}