{
    "total_runs": 495870,
    "expected_runs": 499995.82223800005,
    "z_statistic": 5.83343995968532,
    "p_value": 1.5875291508107758e-16,
    "passed": false
}