{
    "total_runs": 493801,
    "expected_runs": 499994.132782,
    "z_statistic": 8.757118434402127,
    "p_value": 3.173090840465752e-35,
    "passed": false
}