{
    "total_runs": 494546,
    "expected_runs": 499997.702688,
    "z_statistic": 7.708508500548233,
    "p_value": 1.134010087007363e-27,
    "passed": false
}