{
    "total_runs": 493188,
    "expected_runs": 500000.00594999996,
    "z_statistic": 9.63223613774246,
    "p_value": 2.9618148272796167e-42,
    "passed": false
}