{
    "total_runs": 495357,
    "expected_runs": 499996.013518,
    "z_statistic": 6.559207034361004,
    "p_value": 1.7576336665458084e-20,
    "passed": false
}