{
    "total_runs": 495302,
    "expected_runs": 499996.898752,
    "z_statistic": 6.638229725537326,
    "p_value": 6.122321660247984e-21,
    "passed": false
}