{
    "total_runs": 493655,
    "expected_runs": 499999.57195,
    "z_statistic": 8.971191108198482,
    "p_value": 6.964851254674511e-37,
    "passed": false
}