{
    "total_runs": 494796,
    "expected_runs": 499999.027902,
    "z_statistic": 7.356807427542089,
    "p_value": 2.3749745982003342e-25,
    "passed": false
}