{
    "total_runs": 495420,
    "expected_runs": 499999.9946380001,
    "z_statistic": 6.4756893399173805,
    "p_value": 5.286424943176684e-20,
    "passed": false
}