{
    "total_runs": 495082,
    "expected_runs": 499996.28755,
    "z_statistic": 6.948503377998375,
    "p_value": 8.643141856363796e-23,
    "passed": false
}