{
    "total_runs": 494640,
    "expected_runs": 499996.0198320001,
    "z_statistic": 7.573217104978368,
    "p_value": 9.12175069257257e-27,
    "passed": false
}