{
    "total_runs": 494408,
    "expected_runs": 499995.937438,
    "z_statistic": 7.901202697606646,
    "p_value": 5.466994236280702e-29,
    "passed": false
}