{
    "total_runs": 494378,
    "expected_runs": 500000.18591199996,
    "z_statistic": 7.949570296670482,
    "p_value": 2.5245321335345204e-29,
    "passed": false
}