{
    "total_runs": 494297,
    "expected_runs": 499996.547872,
    "z_statistic": 8.0590354461295,
    "p_value": 4.317972723642593e-30,
    "passed": false
}