{
    "total_runs": 495120,
    "expected_runs": 499994.720032,
    "z_statistic": 6.8925675386709715,
    "p_value": 1.8895052823823389e-22,
    "passed": false
}