{
    "total_runs": 495990,
    "expected_runs": 499999.648632,
    "z_statistic": 5.669100584245028,
    "p_value": 1.0807823322347372e-15,
    "passed": false
}