{
    "total_runs": 495161,
    "expected_runs": 500000.6735680001,
    "z_statistic": 6.842922251259528,
    "p_value": 3.7633158671977615e-22,
    "passed": false
}