{
    "total_runs": 494706,
    "expected_runs": 499994.90296800004,
    "z_statistic": 7.478315284913793,
    "p_value": 3.85315180111864e-26,
    "passed": false
}