{
    "total_runs": 494956,
    "expected_runs": 500000.18335800007,
    "z_statistic": 7.132149951244383,
    "p_value": 6.3464955495816514e-24,
    "passed": false
}