{
    "total_runs": 495572,
    "expected_runs": 499999.88099200005,
    "z_statistic": 6.260569149152055,
    "p_value": 8.460270671736135e-19,
    "passed": false
}