{
    "total_runs": 493552,
    "expected_runs": 499998.66719999997,
    "z_statistic": 9.115592502491745,
    "p_value": 5.032546771335825e-38,
    "passed": false
}