{
    "total_runs": 496368,
    "expected_runs": 499993.840672,
    "z_statistic": 5.126372242544701,
    "p_value": 4.174332530114005e-13,
    "passed": false
}