{
    "total_runs": 495036,
    "expected_runs": 500000.3038,
    "z_statistic": 7.019181321645983,
    "p_value": 3.1887730913820407e-23,
    "passed": false
}