{
    "total_runs": 494742,
    "expected_runs": 500000.39279799996,
    "z_statistic": 7.435085226851412,
    "p_value": 7.383857951506852e-26,
    "passed": false
}