{
    "total_runs": 494753,
    "expected_runs": 500000.98000000004,
    "z_statistic": 7.420350574314461,
    "p_value": 9.20857629996135e-26,
    "passed": false
}