{
    "total_runs": 494664,
    "expected_runs": 500000.8637580001,
    "z_statistic": 7.546052949717474,
    "p_value": 1.380315203969303e-26,
    "passed": false
}