{
    "total_runs": 495376,
    "expected_runs": 500000.16536800005,
    "z_statistic": 6.538154078424494,
    "p_value": 2.3229791334040042e-20,
    "passed": false
}