{
    "total_runs": 494871,
    "expected_runs": 500000.270368,
    "z_statistic": 7.252480089224806,
    "p_value": 1.1058080674588663e-24,
    "passed": false
}