{
    "total_runs": 494422,
    "expected_runs": 499993.84823799995,
    "z_statistic": 7.878481822155613,
    "p_value": 7.846695366364992e-29,
    "passed": false
}