{
    "total_runs": 492553,
    "expected_runs": 499995.92470199993,
    "z_statistic": 10.524577674463702,
    "p_value": 4.1869689810812173e-50,
    "passed": false
}