{
    "total_runs": 493979,
    "expected_runs": 499999.482718,
    "z_statistic": 8.512859931084364,
    "p_value": 2.216205700840403e-33,
    "passed": false
}