{
    "total_runs": 495700,
    "expected_runs": 499997.74875,
    "z_statistic": 6.076559869190231,
    "p_value": 8.432029347831694e-18,
    "passed": false
}