{
    "total_runs": 494968,
    "expected_runs": 499994.46227200003,
    "z_statistic": 7.107169831743175,
    "p_value": 9.088821674659114e-24,
    "passed": false
}