{
    "total_runs": 500259,
    "expected_runs": 500000.959102,
    "z_statistic": 0.36633918112599445,
    "p_value": 0.6044011711793477,
    "passed": true
}