{
    "total_runs": 495263,
    "expected_runs": 499999.67154999997,
    "z_statistic": 6.697268726927654,
    "p_value": 2.762016999112946e-21,
    "passed": false
}