{
    "total_runs": 494508,
    "expected_runs": 499999.24406199995,
    "z_statistic": 7.764404880845842,
    "p_value": 4.741512666555342e-28,
    "passed": false
}