{
    "total_runs": 494611,
    "expected_runs": 500000.99843199993,
    "z_statistic": 7.621194694041719,
    "p_value": 4.373048125320894e-27,
    "passed": false
}