{
    "total_runs": 494929,
    "expected_runs": 500000.23367800005,
    "z_statistic": 7.170404221505495,
    "p_value": 3.6528932588901796e-24,
    "passed": false
}