{
    "total_runs": 495885,
    "expected_runs": 499999.0,
    "z_statistic": 5.816683648775135,
    "p_value": 1.9351587590846347e-16,
    "passed": false
}