{
    "total_runs": 494362,
    "expected_runs": 500000.97752799996,
    "z_statistic": 7.973304642804484,
    "p_value": 1.7249547874532766e-29,
    "passed": false
}