{
    "total_runs": 495265,
    "expected_runs": 499993.66555,
    "z_statistic": 6.686026815832782,
    "p_value": 3.2157462309101508e-21,
    "passed": false
}