{
    "total_runs": 495170,
    "expected_runs": 499993.285408,
    "z_statistic": 6.819846650296287,
    "p_value": 5.175242260668934e-22,
    "passed": false
}