{
    "total_runs": 494406,
    "expected_runs": 499999.60220799997,
    "z_statistic": 7.909156002221245,
    "p_value": 4.8162411038429395e-29,
    "passed": false
}