{
    "total_runs": 495206,
    "expected_runs": 499996.37919999997,
    "z_statistic": 6.773267615817556,
    "p_value": 9.81343852666214e-22,
    "passed": false
}