{
    "total_runs": 494497,
    "expected_runs": 500000.46955000004,
    "z_statistic": 7.781675319734382,
    "p_value": 3.6171343036602765e-28,
    "passed": false
}