{
    "total_runs": 495226,
    "expected_runs": 499998.11039199994,
    "z_statistic": 6.747408018673916,
    "p_value": 1.397315083337612e-21,
    "passed": false
}