{
    "total_runs": 494750,
    "expected_runs": 499999.907758,
    "z_statistic": 7.42309275463633,
    "p_value": 8.838072412653632e-26,
    "passed": false
}