{
    "total_runs": 494639,
    "expected_runs": 499997.64595000003,
    "z_statistic": 7.576906391529098,
    "p_value": 8.621764050583939e-27,
    "passed": false
}