{
    "total_runs": 495878,
    "expected_runs": 499995.95015800005,
    "z_statistic": 5.822305552503958,
    "p_value": 1.8108867949782354e-16,
    "passed": false
}