{
    "total_runs": 496423,
    "expected_runs": 499997.419512,
    "z_statistic": 5.053614526731376,
    "p_value": 8.876582025118928e-13,
    "passed": false
}