{
    "total_runs": 495074,
    "expected_runs": 500000.657208,
    "z_statistic": 6.965936002888688,
    "p_value": 6.764880151601879e-23,
    "passed": false
}