{
    "total_runs": 494250,
    "expected_runs": 499994.94480000006,
    "z_statistic": 8.123263013646895,
    "p_value": 1.5153026278475605e-30,
    "passed": false
}