{
    "total_runs": 495441,
    "expected_runs": 500000.069752,
    "z_statistic": 6.446096054456868,
    "p_value": 7.783584659872767e-20,
    "passed": false
}