{
    "total_runs": 496102,
    "expected_runs": 500000.4381999999,
    "z_statistic": 5.511816154027497,
    "p_value": 6.446708287020634e-15,
    "passed": false
}