{
    "total_runs": 496246,
    "expected_runs": 499998.2622,
    "z_statistic": 5.305114927944829,
    "p_value": 6.258073393260938e-14,
    "passed": false
}