{
    "total_runs": 494458,
    "expected_runs": 500000.999872,
    "z_statistic": 7.837571383658796,
    "p_value": 1.500177035327464e-28,
    "passed": false
}