{
    "total_runs": 494752,
    "expected_runs": 499998.606328,
    "z_statistic": 7.418443126566954,
    "p_value": 9.475334918403548e-26,
    "passed": false
}