{
    "total_runs": 494434,
    "expected_runs": 499995.561598,
    "z_statistic": 7.86390716047947,
    "p_value": 9.888330875660409e-29,
    "passed": false
}