{
    "total_runs": 494810,
    "expected_runs": 499998.313438,
    "z_statistic": 7.336008433582761,
    "p_value": 3.2328481497071575e-25,
    "passed": false
}