{
    "total_runs": 494289,
    "expected_runs": 499998.86995200004,
    "z_statistic": 8.073595706235468,
    "p_value": 3.4079548901656066e-30,
    "passed": false
}