{
    "total_runs": 495458,
    "expected_runs": 499994.86799800006,
    "z_statistic": 6.414764710605852,
    "p_value": 1.1701606271402608e-19,
    "passed": false
}