{
    "total_runs": 496124,
    "expected_runs": 499993.557918,
    "z_statistic": 5.471048506444613,
    "p_value": 1.0160535643073529e-14,
    "passed": false
}