{
    "total_runs": 494580,
    "expected_runs": 500000.10219999996,
    "z_statistic": 7.663781588212046,
    "p_value": 2.26832068640605e-27,
    "passed": false
}