{
    "total_runs": 495987,
    "expected_runs": 500000.753598,
    "z_statistic": 5.674893357363153,
    "p_value": 1.0110407139890527e-15,
    "passed": false
}