{
    "total_runs": 495422,
    "expected_runs": 500000.201152,
    "z_statistic": 6.4731502889944705,
    "p_value": 5.46521406559797e-20,
    "passed": false
}