{
    "total_runs": 495440,
    "expected_runs": 499999.684558,
    "z_statistic": 6.446970489735919,
    "p_value": 7.695303995659637e-20,
    "passed": false
}