{
    "total_runs": 494649,
    "expected_runs": 499993.75718200003,
    "z_statistic": 7.557323353448306,
    "p_value": 1.1625587439227843e-26,
    "passed": false
}