{
    "total_runs": 494594,
    "expected_runs": 499999.023928,
    "z_statistic": 7.642474134524636,
    "p_value": 3.151616933815106e-27,
    "passed": false
}