{
    "total_runs": 495475,
    "expected_runs": 500000.934478,
    "z_statistic": 6.399224546217176,
    "p_value": 1.431384629455261e-19,
    "passed": false
}