{
    "total_runs": 494930,
    "expected_runs": 499998.42355,
    "z_statistic": 7.166456038730147,
    "p_value": 3.867717788956981e-24,
    "passed": false
}