{
    "total_runs": 495288,
    "expected_runs": 500000.263102,
    "z_statistic": 6.662741994278835,
    "p_value": 4.4030504195783605e-21,
    "passed": false
}