{
    "total_runs": 495121,
    "expected_runs": 500000.959102,
    "z_statistic": 6.899890696695506,
    "p_value": 1.706202291686026e-22,
    "passed": false
}