{
    "total_runs": 494240,
    "expected_runs": 499997.20774199994,
    "z_statistic": 8.14056879884763,
    "p_value": 1.1411764343566985e-30,
    "passed": false
}