{
    "total_runs": 495188,
    "expected_runs": 499996.8872879999,
    "z_statistic": 6.799435337289283,
    "p_value": 6.853843487712061e-22,
    "passed": false
}