{
    "total_runs": 495628,
    "expected_runs": 499998.951712,
    "z_statistic": 6.1800702951535875,
    "p_value": 2.33235858190181e-18,
    "passed": false
}