{
    "total_runs": 494889,
    "expected_runs": 499998.91511799995,
    "z_statistic": 7.225127175963659,
    "p_value": 1.649200866920562e-24,
    "passed": false
}