{
    "total_runs": 496581,
    "expected_runs": 499998.58,
    "z_statistic": 4.831797158830941,
    "p_value": 8.304506535794249e-12,
    "passed": false
}