{
    "total_runs": 495213,
    "expected_runs": 499995.73823200003,
    "z_statistic": 6.7624702245112465,
    "p_value": 1.1375543046531414e-21,
    "passed": false
}