{
    "total_runs": 495868,
    "expected_runs": 500000.95194999996,
    "z_statistic": 5.8434630483206975,
    "p_value": 1.4098318816942248e-16,
    "passed": false
}