{
    "total_runs": 495943,
    "expected_runs": 499993.190848,
    "z_statistic": 5.726510052253466,
    "p_value": 5.563722291851375e-16,
    "passed": false
}