{
    "total_runs": 495870,
    "expected_runs": 500000.974008,
    "z_statistic": 5.8406655579831135,
    "p_value": 1.4573539868410481e-16,
    "passed": false
}