{
    "total_runs": 496621,
    "expected_runs": 499998.41446199996,
    "z_statistic": 4.774995816219262,
    "p_value": 1.4495496353695473e-11,
    "passed": false
}