{
    "total_runs": 494939,
    "expected_runs": 500000.98751799995,
    "z_statistic": 7.15731736563175,
    "p_value": 4.4141582863867984e-24,
    "passed": false
}