{
    "total_runs": 494048,
    "expected_runs": 499999.198798,
    "z_statistic": 8.414882152752812,
    "p_value": 1.1772414557381113e-32,
    "passed": false
}