{
    "total_runs": 495753,
    "expected_runs": 500000.40812800004,
    "z_statistic": 6.0053350747683645,
    "p_value": 2.0167158552342528e-17,
    "passed": false
}