{
    "total_runs": 493673,
    "expected_runs": 500000.43395200005,
    "z_statistic": 8.946938825169743,
    "p_value": 1.078445882585232e-36,
    "passed": false
}