{
    "total_runs": 495815,
    "expected_runs": 499994.867998,
    "z_statistic": 5.909884276982917,
    "p_value": 6.38778123473715e-17,
    "passed": false
}