{
    "total_runs": 494669,
    "expected_runs": 499995.73823200003,
    "z_statistic": 7.531810498622281,
    "p_value": 1.7141458957078347e-26,
    "passed": false
}