{
    "total_runs": 495285,
    "expected_runs": 499998.52691200003,
    "z_statistic": 6.664552436047953,
    "p_value": 4.296941102786064e-21,
    "passed": false
}