{
    "total_runs": 495244,
    "expected_runs": 499996.76595,
    "z_statistic": 6.7200687579268825,
    "p_value": 2.0273277270693534e-21,
    "passed": false
}