{
    "total_runs": 494977,
    "expected_runs": 499996.90447799995,
    "z_statistic": 7.0978609199336935,
    "p_value": 1.0387098627837235e-23,
    "passed": false
}