{
    "total_runs": 494924,
    "expected_runs": 500000.238622,
    "z_statistic": 7.17748222106622,
    "p_value": 3.2969469313885263e-24,
    "passed": false
}