{
    "total_runs": 495605,
    "expected_runs": 500000.997408,
    "z_statistic": 6.215464973209163,
    "p_value": 1.4956680775416733e-18,
    "passed": false
}