{
    "total_runs": 494903,
    "expected_runs": 500000.990478,
    "z_statistic": 7.208233198547748,
    "p_value": 2.1094468215304027e-24,
    "passed": false
}