{
    "total_runs": 495517,
    "expected_runs": 500000.72620000003,
    "z_statistic": 6.339535659974983,
    "p_value": 3.089959599491534e-19,
    "passed": false
}