{
    "total_runs": 496579,
    "expected_runs": 500000.598592,
    "z_statistic": 4.8374608038316795,
    "p_value": 7.853105604795008e-12,
    "passed": false
}