{
    "total_runs": 494282,
    "expected_runs": 499999.11043199996,
    "z_statistic": 8.08383144685511,
    "p_value": 2.884872907862697e-30,
    "passed": false
}