{
    "total_runs": 495294,
    "expected_runs": 500000.477758,
    "z_statistic": 6.654557413387321,
    "p_value": 4.916008790582313e-21,
    "passed": false
}