{
    "total_runs": 494939,
    "expected_runs": 500000.359288,
    "z_statistic": 7.156437906001514,
    "p_value": 4.470615659605468e-24,
    "passed": false
}