{
    "total_runs": 495819,
    "expected_runs": 499996.107808,
    "z_statistic": 5.905966086245856,
    "p_value": 6.694787112874361e-17,
    "passed": false
}