{
    "total_runs": 495088,
    "expected_runs": 499997.789422,
    "z_statistic": 6.942121151868875,
    "p_value": 9.452885684298617e-23,
    "passed": false
}