{
    "total_runs": 494591,
    "expected_runs": 500000.67999999993,
    "z_statistic": 7.649033505917464,
    "p_value": 2.8484333181795144e-27,
    "passed": false
}