{
    "total_runs": 494236,
    "expected_runs": 500000.95194999996,
    "z_statistic": 8.151459803912076,
    "p_value": 9.543789912682663e-31,
    "passed": false
}