{
    "total_runs": 495638,
    "expected_runs": 500000.71724800003,
    "z_statistic": 6.168403175614964,
    "p_value": 2.6987647948587138e-18,
    "passed": false
}