{
    "total_runs": 493832,
    "expected_runs": 499997.86499200005,
    "z_statistic": 8.718490346959538,
    "p_value": 6.259624501132618e-35,
    "passed": false
}