{
    "total_runs": 495723,
    "expected_runs": 500000.71724800003,
    "z_statistic": 6.048194954835021,
    "p_value": 1.194741018718042e-17,
    "passed": false
}