{
    "total_runs": 494657,
    "expected_runs": 499995.969208,
    "z_statistic": 7.549104405431661,
    "p_value": 1.3176530820411348e-26,
    "passed": false
}