{
    "total_runs": 495371,
    "expected_runs": 500000.810272,
    "z_statistic": 6.546128748282087,
    "p_value": 2.0903167566316534e-20,
    "passed": false
}