{
    "total_runs": 495382,
    "expected_runs": 499996.5598,
    "z_statistic": 6.524616781186151,
    "p_value": 2.777945915197069e-20,
    "passed": false
}