{
    "total_runs": 494619,
    "expected_runs": 499998.509088,
    "z_statistic": 7.606398391334594,
    "p_value": 5.488656707895867e-27,
    "passed": false
}