{
    "total_runs": 496483,
    "expected_runs": 500000.957368,
    "z_statistic": 4.973729232193637,
    "p_value": 2.008170059725137e-12,
    "passed": false
}