{
    "total_runs": 495178,
    "expected_runs": 500000.883838,
    "z_statistic": 6.81917510414528,
    "p_value": 5.223365085810292e-22,
    "passed": false
}