{
    "total_runs": 496219,
    "expected_runs": 500000.29195,
    "z_statistic": 5.346147716099592,
    "p_value": 4.0123092915308e-14,
    "passed": false
}