{
    "total_runs": 494939,
    "expected_runs": 499999.02392799995,
    "z_statistic": 7.154568527232617,
    "p_value": 4.593008256175172e-24,
    "passed": false
}