{
    "total_runs": 494793,
    "expected_runs": 499999.59215800004,
    "z_statistic": 7.361839758641107,
    "p_value": 2.203938334507366e-25,
    "passed": false
}