{
    "total_runs": 494172,
    "expected_runs": 499995.40214200004,
    "z_statistic": 8.234212262708585,
    "p_value": 2.4350822075895505e-31,
    "passed": false
}