{
    "total_runs": 495682,
    "expected_runs": 500000.880928,
    "z_statistic": 6.106407223294005,
    "p_value": 5.833587846692235e-18,
    "passed": false
}