{
    "total_runs": 494570,
    "expected_runs": 499997.113528,
    "z_statistic": 7.673742989848275,
    "p_value": 1.9444492487494985e-27,
    "passed": false
}