{
    "total_runs": 493743,
    "expected_runs": 500000.890488,
    "z_statistic": 8.848581324464494,
    "p_value": 6.27618789455966e-36,
    "passed": false
}