{
    "total_runs": 495606,
    "expected_runs": 499994.103102,
    "z_statistic": 6.204386288416275,
    "p_value": 1.7192860335146293e-18,
    "passed": false
}