{
    "total_runs": 495500,
    "expected_runs": 499999.6022080001,
    "z_statistic": 6.362002039786379,
    "p_value": 2.314851595561064e-19,
    "passed": false
}