{
    "total_runs": 493592,
    "expected_runs": 499997.96435200004,
    "z_statistic": 9.058042447171534,
    "p_value": 1.4412253275384422e-37,
    "passed": false
}