{
    "total_runs": 495174,
    "expected_runs": 500000.984158,
    "z_statistic": 6.824972464283697,
    "p_value": 4.822099259037384e-22,
    "passed": false
}