{
    "total_runs": 494682,
    "expected_runs": 499999.73276800005,
    "z_statistic": 7.519014644691042,
    "p_value": 2.0816787723800262e-26,
    "passed": false
}