{
    "total_runs": 494317,
    "expected_runs": 500000.616312,
    "z_statistic": 8.036439225163605,
    "p_value": 6.229206293917063e-30,
    "passed": false
}