{
    "total_runs": 494971,
    "expected_runs": 499998.6063279999,
    "z_statistic": 7.1087288736984116,
    "p_value": 8.887687497319292e-24,
    "passed": false
}