{
    "total_runs": 494436,
    "expected_runs": 499998.405358,
    "z_statistic": 7.865055697145712,
    "p_value": 9.709903091926371e-29,
    "passed": false
}