{
    "total_runs": 494530,
    "expected_runs": 500000.086048,
    "z_statistic": 7.734469800735395,
    "p_value": 7.569426802585038e-28,
    "passed": false
}