{
    "total_runs": 493971,
    "expected_runs": 499996.666432,
    "z_statistic": 8.520238822976951,
    "p_value": 1.9527845549154783e-33,
    "passed": false
}