{
    "total_runs": 494693,
    "expected_runs": 499998.076638,
    "z_statistic": 7.5011409744268915,
    "p_value": 2.729120779263542e-26,
    "passed": false
}