{
    "total_runs": 495201,
    "expected_runs": 499993.40279799997,
    "z_statistic": 6.776169779585151,
    "p_value": 9.431079066484092e-22,
    "passed": false
}