{
    "total_runs": 495743,
    "expected_runs": 500000.99831800006,
    "z_statistic": 6.020304776567437,
    "p_value": 1.6803885248925946e-17,
    "passed": false
}