{
    "total_runs": 494796,
    "expected_runs": 499995.90556799993,
    "z_statistic": 7.352437676750056,
    "p_value": 2.5341191947933635e-25,
    "passed": false
}