{
    "total_runs": 495887,
    "expected_runs": 499997.224248,
    "z_statistic": 5.811364546896623,
    "p_value": 2.0604610340729632e-16,
    "passed": false
}