{
    "total_runs": 494593,
    "expected_runs": 500000.9435519999,
    "z_statistic": 7.646573765491642,
    "p_value": 2.9585778687413302e-27,
    "passed": false
}