{
    "total_runs": 494929,
    "expected_runs": 499993.757182,
    "z_statistic": 7.161337819881457,
    "p_value": 4.164926205072865e-24,
    "passed": false
}