{
    "total_runs": 495001,
    "expected_runs": 500000.19354999997,
    "z_statistic": 7.068524506598858,
    "p_value": 1.5803294676035646e-23,
    "passed": false
}