{
    "total_runs": 495788,
    "expected_runs": 499997.97420000006,
    "z_statistic": 5.952424419010138,
    "p_value": 3.829679351606983e-17,
    "passed": false
}