{
    "total_runs": 496523,
    "expected_runs": 499999.31455199997,
    "z_statistic": 4.9148535404110705,
    "p_value": 3.6360041993715696e-12,
    "passed": false
}