{
    "total_runs": 494975,
    "expected_runs": 499994.184568,
    "z_statistic": 7.0968814111823475,
    "p_value": 1.0533954387107227e-23,
    "passed": false
}