{
    "total_runs": 494680,
    "expected_runs": 499999.79874999996,
    "z_statistic": 7.521935399232802,
    "p_value": 1.9914478860935737e-26,
    "passed": false
}