{
    "total_runs": 494921,
    "expected_runs": 499997.635582,
    "z_statistic": 7.178080977857577,
    "p_value": 3.2684618912878606e-24,
    "passed": false
}