{
    "total_runs": 494246,
    "expected_runs": 499999.835662,
    "z_statistic": 8.135757160846442,
    "p_value": 1.2348606315539682e-30,
    "passed": false
}