{
    "total_runs": 494393,
    "expected_runs": 500000.27759799996,
    "z_statistic": 7.928485268627227,
    "p_value": 3.537641678905521e-29,
    "passed": false
}