{
    "total_runs": 494757,
    "expected_runs": 499998.93955,
    "z_statistic": 7.411838334632153,
    "p_value": 1.0459579214651537e-25,
    "passed": false
}