{
    "total_runs": 495183,
    "expected_runs": 500000.320222,
    "z_statistic": 6.811314639047895,
    "p_value": 5.820659718070529e-22,
    "passed": false
}