{
    "total_runs": 495706,
    "expected_runs": 499999.81111799995,
    "z_statistic": 6.070966139106275,
    "p_value": 9.033004140681176e-18,
    "passed": false
}