{
    "total_runs": 495590,
    "expected_runs": 499994.41880800005,
    "z_statistic": 6.227456567257113,
    "p_value": 1.2859296445888236e-18,
    "passed": false
}