{
    "total_runs": 494162,
    "expected_runs": 500000.97355,
    "z_statistic": 8.256141807935299,
    "p_value": 1.6916977757668224e-31,
    "passed": false
}