{
    "total_runs": 495049,
    "expected_runs": 500000.767438,
    "z_statistic": 7.001445711515149,
    "p_value": 4.099157637937304e-23,
    "passed": false
}