{
    "total_runs": 495349,
    "expected_runs": 500000.8759979999,
    "z_statistic": 6.577333544492014,
    "p_value": 1.381472002001912e-20,
    "passed": false
}