{
    "total_runs": 495819,
    "expected_runs": 500000.916768,
    "z_statistic": 5.912710180712068,
    "p_value": 6.17502055801894e-17,
    "passed": false
}