{
    "total_runs": 494992,
    "expected_runs": 500000.883838,
    "z_statistic": 7.08221888785806,
    "p_value": 1.2994603152098659e-23,
    "passed": false
}