{
    "total_runs": 495561,
    "expected_runs": 499998.437152,
    "z_statistic": 6.274101748112541,
    "p_value": 7.125265810512702e-19,
    "passed": false
}