{
    "total_runs": 496624,
    "expected_runs": 499998.540238,
    "z_statistic": 4.770929828494734,
    "p_value": 1.508151249744976e-11,
    "passed": false
}