{
    "total_runs": 495841,
    "expected_runs": 499996.74847199995,
    "z_statistic": 5.875751599196111,
    "p_value": 9.605142556569406e-17,
    "passed": false
}