{
    "total_runs": 497651,
    "expected_runs": 499997.169088,
    "z_statistic": 3.3165953414775617,
    "p_value": 2.72705969953568e-06,
    "passed": false
}