{
    "total_runs": 495782,
    "expected_runs": 500000.375038,
    "z_statistic": 5.964276431245598,
    "p_value": 3.318814027934899e-17,
    "passed": false
}