{
    "total_runs": 495059,
    "expected_runs": 499996.21976800007,
    "z_statistic": 6.980935683744159,
    "p_value": 5.47634037260013e-23,
    "passed": false
}