{
    "total_runs": 495070,
    "expected_runs": 500000.595,
    "z_statistic": 6.971505752926218,
    "p_value": 6.254698231304653e-23,
    "passed": false
}