{
    "total_runs": 494792,
    "expected_runs": 500000.375038,
    "z_statistic": 7.364349607980028,
    "p_value": 2.123255538462368e-25,
    "passed": false
}