{
    "total_runs": 495102,
    "expected_runs": 500000.40376799996,
    "z_statistic": 6.925983088108139,
    "p_value": 1.1850922458358915e-22,
    "passed": false
}