{
    "total_runs": 494840,
    "expected_runs": 500000.57495800004,
    "z_statistic": 7.296747084532198,
    "p_value": 5.772675278373943e-25,
    "passed": false
}