{
    "total_runs": 494608,
    "expected_runs": 500000.91595,
    "z_statistic": 7.6253219454824235,
    "p_value": 4.104162104330327e-27,
    "passed": false
}