{
    "total_runs": 494836,
    "expected_runs": 499999.314552,
    "z_statistic": 7.300639862372133,
    "p_value": 5.45093667693917e-25,
    "passed": false
}