{
    "total_runs": 495109,
    "expected_runs": 500000.42326199997,
    "z_statistic": 6.91611088043314,
    "p_value": 1.3605250794090984e-22,
    "passed": false
}