{
    "total_runs": 496290,
    "expected_runs": 499996.0072,
    "z_statistic": 5.239723752715461,
    "p_value": 1.2621526194915114e-13,
    "passed": false
}