{
    "total_runs": 494084,
    "expected_runs": 500000.40158199996,
    "z_statistic": 8.365651156460075,
    "p_value": 2.704950022031528e-32,
    "passed": false
}