{
    "total_runs": 494584,
    "expected_runs": 500000.236152,
    "z_statistic": 7.658312109184305,
    "p_value": 2.4683400977884112e-27,
    "passed": false
}