{
    "total_runs": 495882,
    "expected_runs": 499996.26911200007,
    "z_statistic": 5.8170960039401916,
    "p_value": 1.925764796840878e-16,
    "passed": false
}