{
    "total_runs": 495038,
    "expected_runs": 499994.881998,
    "z_statistic": 7.008761294323541,
    "p_value": 3.6960497678932214e-23,
    "passed": false
}