{
    "total_runs": 495819,
    "expected_runs": 500000.477758,
    "z_statistic": 5.912094517650831,
    "p_value": 6.220769744652272e-17,
    "passed": false
}