{
    "total_runs": 495146,
    "expected_runs": 499997.9347120001,
    "z_statistic": 6.86029971748573,
    "p_value": 2.958517404601514e-22,
    "passed": false
}