{
    "total_runs": 495067,
    "expected_runs": 499996.56575799995,
    "z_statistic": 6.970106352287831,
    "p_value": 6.379180349862495e-23,
    "passed": false
}