{
    "total_runs": 495289,
    "expected_runs": 499997.483448,
    "z_statistic": 6.65743375923244,
    "p_value": 4.729333064173185e-21,
    "passed": false
}