{
    "total_runs": 494213,
    "expected_runs": 499998.013432,
    "z_statistic": 8.17987910001289,
    "p_value": 5.979491402025312e-31,
    "passed": false
}