{
    "total_runs": 495001,
    "expected_runs": 500000.2212479999,
    "z_statistic": 7.0685632859784695,
    "p_value": 1.579454825107282e-23,
    "passed": false
}