{
    "total_runs": 495046,
    "expected_runs": 499993.151278,
    "z_statistic": 6.9950240228944605,
    "p_value": 4.488696009688681e-23,
    "passed": false
}