{
    "total_runs": 495271,
    "expected_runs": 500000.827128,
    "z_statistic": 6.687573770723883,
    "p_value": 3.1491880094889807e-21,
    "passed": false
}