{
    "total_runs": 494572,
    "expected_runs": 499999.880992,
    "z_statistic": 7.674785876564733,
    "p_value": 1.913316872965643e-27,
    "passed": false
}