{
    "total_runs": 495410,
    "expected_runs": 500000.999488,
    "z_statistic": 6.491239533862194,
    "p_value": 4.31095491467461e-20,
    "passed": false
}