{
    "total_runs": 494731,
    "expected_runs": 500000.99630199996,
    "z_statistic": 7.451486085493213,
    "p_value": 5.771767451915249e-26,
    "passed": false
}