{
    "total_runs": 495415,
    "expected_runs": 499999.89590199996,
    "z_statistic": 6.4826220680149165,
    "p_value": 4.8271674190551634e-20,
    "passed": false
}