{
    "total_runs": 495291,
    "expected_runs": 500000.99995,
    "z_statistic": 6.659531595170217,
    "p_value": 4.597621279239751e-21,
    "passed": false
}