{
    "total_runs": 496150,
    "expected_runs": 499998.42355,
    "z_statistic": 5.441106602081859,
    "p_value": 1.416195515053285e-14,
    "passed": false
}