{
    "total_runs": 494795,
    "expected_runs": 499994.177182,
    "z_statistic": 7.351432985381373,
    "p_value": 2.5721785095686795e-25,
    "passed": false
}