{
    "total_runs": 495177,
    "expected_runs": 500000.46748799994,
    "z_statistic": 6.820006189103093,
    "p_value": 5.163874401241487e-22,
    "passed": false
}