{
    "total_runs": 495250,
    "expected_runs": 499994.028622,
    "z_statistic": 6.707748928462809,
    "p_value": 2.3963417720092845e-21,
    "passed": false
}