{
    "total_runs": 495397,
    "expected_runs": 500000.920798,
    "z_statistic": 6.509514050193863,
    "p_value": 3.3899953749924387e-20,
    "passed": false
}