{
    "total_runs": 494313,
    "expected_runs": 499996.783392,
    "z_statistic": 8.03673712053507,
    "p_value": 6.199225002768554e-30,
    "passed": false
}