{
    "total_runs": 495523,
    "expected_runs": 499994.92390200007,
    "z_statistic": 6.322918055886041,
    "p_value": 3.8234021145434196e-19,
    "passed": false
}