{
    "total_runs": 494594,
    "expected_runs": 499998.60195000004,
    "z_statistic": 7.641883814594722,
    "p_value": 3.1804232016693035e-27,
    "passed": false
}