{
    "total_runs": 493775,
    "expected_runs": 499993.30895800004,
    "z_statistic": 8.792737900500363,
    "p_value": 1.691442094510585e-35,
    "passed": false
}