{
    "total_runs": 495697,
    "expected_runs": 500000.52955,
    "z_statistic": 6.0847013672164945,
    "p_value": 7.627206411572028e-18,
    "passed": false
}