{
    "total_runs": 495051,
    "expected_runs": 500000.126158,
    "z_statistic": 6.997719350778861,
    "p_value": 4.3209248143573045e-23,
    "passed": false
}