{
    "total_runs": 494506,
    "expected_runs": 500000.9920619999,
    "z_statistic": 7.769678209001822,
    "p_value": 4.365670444017041e-28,
    "passed": false
}