{
    "total_runs": 494896,
    "expected_runs": 500000.580472,
    "z_statistic": 7.217558776100879,
    "p_value": 1.8415870605540316e-24,
    "passed": false
}