{
    "total_runs": 495177,
    "expected_runs": 499997.55206200003,
    "z_statistic": 6.815922892402752,
    "p_value": 5.462755629341821e-22,
    "passed": false
}