{
    "total_runs": 496275,
    "expected_runs": 499998.224632,
    "z_statistic": 5.264049776124239,
    "p_value": 9.731921217391758e-14,
    "passed": false
}