{
    "total_runs": 495226,
    "expected_runs": 500000.74652800005,
    "z_statistic": 6.751100505659034,
    "p_value": 1.328663878586487e-21,
    "passed": false
}