{
    "total_runs": 495546,
    "expected_runs": 499999.83566200006,
    "z_statistic": 6.297275248532793,
    "p_value": 5.305401281704018e-19,
    "passed": false
}