{
    "total_runs": 494872,
    "expected_runs": 500000.996472,
    "z_statistic": 7.252082209674514,
    "p_value": 1.1122681236520687e-24,
    "passed": false
}