{
    "total_runs": 495319,
    "expected_runs": 499998.29020799993,
    "z_statistic": 6.616137317582702,
    "p_value": 8.231958530282477e-21,
    "passed": false
}