{
    "total_runs": 495356,
    "expected_runs": 499999.0398,
    "z_statistic": 6.564861379118279,
    "p_value": 1.6305504428932494e-20,
    "passed": false
}