{
    "total_runs": 495253,
    "expected_runs": 500000.511928,
    "z_statistic": 6.712588094995891,
    "p_value": 2.2440765300196515e-21,
    "passed": false
}