{
    "total_runs": 494945,
    "expected_runs": 499999.697502,
    "z_statistic": 7.147026165434038,
    "p_value": 5.121452431672345e-24,
    "passed": false
}