{
    "total_runs": 494453,
    "expected_runs": 500000.173102,
    "z_statistic": 7.84348619164331,
    "p_value": 1.3662777778241932e-28,
    "passed": false
}