{
    "total_runs": 494207,
    "expected_runs": 500000.986552,
    "z_statistic": 8.192520368829364,
    "p_value": 4.8542063723079435e-31,
    "passed": false
}