{
    "total_runs": 494874,
    "expected_runs": 500000.99975799996,
    "z_statistic": 7.24925838199339,
    "p_value": 1.1592032910292714e-24,
    "passed": false
}