{
    "total_runs": 495236,
    "expected_runs": 500000.9032,
    "z_statistic": 6.737177819590213,
    "p_value": 1.6063880881165232e-21,
    "passed": false
}