{
    "total_runs": 494757,
    "expected_runs": 500000.752192,
    "z_statistic": 7.414374928770496,
    "p_value": 1.0070133139879253e-25,
    "passed": false
}