{
    "total_runs": 494584,
    "expected_runs": 500000.11288800003,
    "z_statistic": 7.658139675246191,
    "p_value": 2.4749226012424683e-27,
    "passed": false
}