{
    "total_runs": 494462,
    "expected_runs": 499995.144958,
    "z_statistic": 7.823726045106703,
    "p_value": 1.8666762845652746e-28,
    "passed": false
}