{
    "total_runs": 495435,
    "expected_runs": 500000.3272,
    "z_statistic": 6.4549421151185244,
    "p_value": 6.934808108666881e-20,
    "passed": false
}