{
    "total_runs": 495862,
    "expected_runs": 500000.925502,
    "z_statistic": 5.851911236929302,
    "p_value": 1.275400802818679e-16,
    "passed": false
}