{
    "total_runs": 493668,
    "expected_runs": 499995.574782,
    "z_statistic": 8.947224941363585,
    "p_value": 1.072904659962647e-36,
    "passed": false
}