{
    "total_runs": 494795,
    "expected_runs": 499999.67154999997,
    "z_statistic": 7.359122432597374,
    "p_value": 2.294718605671706e-25,
    "passed": false
}