{
    "total_runs": 496011,
    "expected_runs": 500000.756398,
    "z_statistic": 5.640956143350448,
    "p_value": 1.4930672916751072e-15,
    "passed": false
}