{
    "total_runs": 495203,
    "expected_runs": 500000.99155000004,
    "z_statistic": 6.783970623248289,
    "p_value": 8.474852049067737e-22,
    "passed": false
}