{
    "total_runs": 494525,
    "expected_runs": 499998.983968,
    "z_statistic": 7.739999362368887,
    "p_value": 6.943785681581119e-28,
    "passed": false
}