{
    "total_runs": 495508,
    "expected_runs": 500000.98783199996,
    "z_statistic": 6.352630268626862,
    "p_value": 2.611550147285626e-19,
    "passed": false
}