{
    "total_runs": 495593,
    "expected_runs": 500000.18080000003,
    "z_statistic": 6.231290854974914,
    "p_value": 1.2252083398168117e-18,
    "passed": false
}