{
    "total_runs": 500093,
    "expected_runs": 500000.980792,
    "z_statistic": 0.1315490305683679,
    "p_value": 0.8524146299491521,
    "passed": true
}