{
    "total_runs": 496182,
    "expected_runs": 500000.05055799993,
    "z_statistic": 5.398134917819316,
    "p_value": 2.2737580723230038e-14,
    "passed": false
}