{
    "total_runs": 494857,
    "expected_runs": 500000.390592,
    "z_statistic": 7.272447382001411,
    "p_value": 8.251858070615587e-25,
    "passed": false
}