{
    "total_runs": 495147,
    "expected_runs": 500000.537278,
    "z_statistic": 6.862530381356152,
    "p_value": 2.8684124032355775e-22,
    "passed": false
}