{
    "total_runs": 494116,
    "expected_runs": 500000.543032,
    "z_statistic": 8.3205939551505,
    "p_value": 5.767533595232541e-32,
    "passed": false
}