{
    "total_runs": 496927,
    "expected_runs": 500000.76056799997,
    "z_statistic": 4.3455417501143145,
    "p_value": 7.969992098969666e-10,
    "passed": false
}