{
    "total_runs": 495395,
    "expected_runs": 499994.5703019999,
    "z_statistic": 6.503444118977717,
    "p_value": 3.671970305819719e-20,
    "passed": false
}