{
    "total_runs": 494828,
    "expected_runs": 499993.285408,
    "z_statistic": 7.303515151238181,
    "p_value": 5.224763817776774e-25,
    "passed": false
}