{
    "total_runs": 493796,
    "expected_runs": 500000.702008,
    "z_statistic": 8.773364745419807,
    "p_value": 2.382309371972102e-35,
    "passed": false
}