{
    "total_runs": 495058,
    "expected_runs": 499999.217728,
    "z_statistic": 6.98654781587072,
    "p_value": 5.0594702820392756e-23,
    "passed": false
}