{
    "total_runs": 492867,
    "expected_runs": 500000.289568,
    "z_statistic": 10.086594969517428,
    "p_value": 3.636742610167725e-46,
    "passed": false
}