{
    "total_runs": 494984,
    "expected_runs": 500000.97752799996,
    "z_statistic": 7.093663767473839,
    "p_value": 1.1030992486066315e-23,
    "passed": false
}