{
    "total_runs": 494822,
    "expected_runs": 500000.02559200005,
    "z_statistic": 7.321434073086936,
    "p_value": 4.01059509201786e-25,
    "passed": false
}