{
    "total_runs": 496222,
    "expected_runs": 499998.73580799997,
    "z_statistic": 5.3397209679182875,
    "p_value": 4.3025434103227235e-14,
    "passed": false
}