{
    "total_runs": 494900,
    "expected_runs": 500000.527608,
    "z_statistic": 7.211827918549221,
    "p_value": 2.001907044832351e-24,
    "passed": false
}