{
    "total_runs": 494796,
    "expected_runs": 500000.3728,
    "z_statistic": 7.358689614583535,
    "p_value": 2.309516360121924e-25,
    "passed": false
}