{
    "total_runs": 494689,
    "expected_runs": 499993.11955,
    "z_statistic": 7.499861795067674,
    "p_value": 2.782461902978329e-26,
    "passed": false
}