{
    "total_runs": 494772,
    "expected_runs": 499996.984222,
    "z_statistic": 7.387888672617056,
    "p_value": 1.4956509416892707e-25,
    "passed": false
}