{
    "total_runs": 494948,
    "expected_runs": 499997.0855979999,
    "z_statistic": 7.139127007537853,
    "p_value": 5.739498417854579e-24,
    "passed": false
}