{
    "total_runs": 496292,
    "expected_runs": 499996.719262,
    "z_statistic": 5.237894855653966,
    "p_value": 1.2870059962437639e-13,
    "passed": false
}