{
    "total_runs": 496067,
    "expected_runs": 499998.92327800003,
    "z_statistic": 5.559188102172215,
    "p_value": 3.784128550924096e-15,
    "passed": false
}