{
    "total_runs": 495373,
    "expected_runs": 499995.055648,
    "z_statistic": 6.53523726538378,
    "p_value": 2.41432429025599e-20,
    "passed": false
}