{
    "total_runs": 495422,
    "expected_runs": 499999.35107200005,
    "z_statistic": 6.471959095792257,
    "p_value": 5.551139951807577e-20,
    "passed": false
}