{
    "total_runs": 495167,
    "expected_runs": 500000.107552,
    "z_statistic": 6.833644232228072,
    "p_value": 4.278151799958361e-22,
    "passed": false
}