{
    "total_runs": 495205,
    "expected_runs": 499998.44620000006,
    "z_statistic": 6.77757703013593,
    "p_value": 9.251018375181346e-22,
    "passed": false
}