{
    "total_runs": 494630,
    "expected_runs": 499994.20670200005,
    "z_statistic": 7.584822707700615,
    "p_value": 7.638779552330828e-27,
    "passed": false
}