{
    "total_runs": 496713,
    "expected_runs": 499996.742638,
    "z_statistic": 4.642538690375633,
    "p_value": 5.1844222850098595e-11,
    "passed": false
}