{
    "total_runs": 495512,
    "expected_runs": 500000.23367800005,
    "z_statistic": 6.345916450995746,
    "p_value": 2.846904820215657e-19,
    "passed": false
}