{
    "total_runs": 495903,
    "expected_runs": 499995.49543800007,
    "z_statistic": 5.786312041034109,
    "p_value": 2.766771288874399e-16,
    "passed": false
}