{
    "total_runs": 495168,
    "expected_runs": 499996.60142200004,
    "z_statistic": 6.827319465718492,
    "p_value": 4.668466296830646e-22,
    "passed": false
}