{
    "total_runs": 494081,
    "expected_runs": 499995.860782,
    "z_statistic": 8.363548088084519,
    "p_value": 2.8025060626759184e-32,
    "passed": false
}