{
    "total_runs": 495904,
    "expected_runs": 500000.62847800006,
    "z_statistic": 5.792097643812558,
    "p_value": 2.58498936497767e-16,
    "passed": false
}