{
    "total_runs": 493950,
    "expected_runs": 499993.9312,
    "z_statistic": 8.54611608109822,
    "p_value": 1.2518639450107944e-33,
    "passed": false
}