{
    "total_runs": 496009,
    "expected_runs": 499996.511992,
    "z_statistic": 5.6378299309010265,
    "p_value": 1.5474843667456536e-15,
    "passed": false
}