{
    "total_runs": 495733,
    "expected_runs": 499998.318072,
    "z_statistic": 6.030688799441381,
    "p_value": 1.4802461392604884e-17,
    "passed": false
}