{
    "total_runs": 494271,
    "expected_runs": 500000.921592,
    "z_statistic": 8.10191988368913,
    "p_value": 2.147928074431362e-30,
    "passed": false
}