{
    "total_runs": 494473,
    "expected_runs": 500000.873998,
    "z_statistic": 7.816182135207967,
    "p_value": 2.10243259501276e-28,
    "passed": false
}