{
    "total_runs": 495972,
    "expected_runs": 500000.28956800007,
    "z_statistic": 5.695455619137228,
    "p_value": 7.974528298971845e-16,
    "passed": false
}