{
    "total_runs": 495157,
    "expected_runs": 499997.2132480001,
    "z_statistic": 6.843732837575278,
    "p_value": 3.7213637026272523e-22,
    "passed": false
}