{
    "total_runs": 495622,
    "expected_runs": 500000.00594999996,
    "z_statistic": 6.190033483483249,
    "p_value": 2.0586760721317628e-18,
    "passed": false
}