{
    "total_runs": 494331,
    "expected_runs": 500000.708152,
    "z_statistic": 8.016768629049073,
    "p_value": 8.562901788295059e-30,
    "passed": false
}