{
    "total_runs": 495552,
    "expected_runs": 499994.98648799997,
    "z_statistic": 6.281993088889233,
    "p_value": 6.445200038614955e-19,
    "passed": false
}