{
    "total_runs": 495325,
    "expected_runs": 499995.89279199997,
    "z_statistic": 6.604293180272645,
    "p_value": 9.644246387633495e-21,
    "passed": false
}