{
    "total_runs": 495088,
    "expected_runs": 499993.596448,
    "z_statistic": 6.936249520496522,
    "p_value": 1.0263954216057236e-22,
    "passed": false
}