{
    "total_runs": 494954,
    "expected_runs": 500000.73500800005,
    "z_statistic": 7.135750662288062,
    "p_value": 6.025695600240769e-24,
    "passed": false
}