{
    "total_runs": 495378,
    "expected_runs": 500000.7952,
    "z_statistic": 6.536208131581712,
    "p_value": 2.383532351728786e-20,
    "passed": false
}