{
    "total_runs": 494499,
    "expected_runs": 499997.306238,
    "z_statistic": 7.774422472030402,
    "p_value": 4.052871959726808e-28,
    "passed": false
}