{
    "total_runs": 494024,
    "expected_runs": 500000.956192,
    "z_statistic": 8.451279035341155,
    "p_value": 6.344739500639032e-33,
    "passed": false
}