{
    "total_runs": 494152,
    "expected_runs": 499994.073358,
    "z_statistic": 8.26063959868617,
    "p_value": 1.5697347782549805e-31,
    "passed": false
}