{
    "total_runs": 495252,
    "expected_runs": 500000.19608799997,
    "z_statistic": 6.713559885116764,
    "p_value": 2.2146734807367002e-21,
    "passed": false
}