{
    "total_runs": 495490,
    "expected_runs": 499998.778168,
    "z_statistic": 6.374989349665603,
    "p_value": 1.958021363954667e-19,
    "passed": false
}