{
    "total_runs": 494965,
    "expected_runs": 499994.61326199997,
    "z_statistic": 7.111623915206968,
    "p_value": 8.525817335919931e-24,
    "passed": false
}