{
    "total_runs": 494076,
    "expected_runs": 499999.980408,
    "z_statistic": 8.376376303636269,
    "p_value": 2.257502619689524e-32,
    "passed": false
}