{
    "total_runs": 493845,
    "expected_runs": 500000.87599800003,
    "z_statistic": 8.704311269800296,
    "p_value": 8.026642496810698e-35,
    "passed": false
}