{
    "total_runs": 494771,
    "expected_runs": 499999.007992,
    "z_statistic": 7.392135043303284,
    "p_value": 1.4038739546427358e-25,
    "passed": false
}