{
    "total_runs": 494436,
    "expected_runs": 499996.71340799995,
    "z_statistic": 7.862689512785001,
    "p_value": 1.0081048347025809e-28,
    "passed": false
}