{
    "total_runs": 494185,
    "expected_runs": 499995.679678,
    "z_statistic": 8.216215219492113,
    "p_value": 3.281157964160693e-31,
    "passed": false
}