{
    "total_runs": 493770,
    "expected_runs": 500000.8352619999,
    "z_statistic": 8.810320421659565,
    "p_value": 1.238749812599037e-35,
    "passed": false
}