{
    "total_runs": 495052,
    "expected_runs": 500000.812728,
    "z_statistic": 6.997266484803986,
    "p_value": 4.348673121655543e-23,
    "passed": false
}