{
    "total_runs": 494789,
    "expected_runs": 500000.839822,
    "z_statistic": 7.3692427084073335,
    "p_value": 1.9742826078034384e-25,
    "passed": false
}