{
    "total_runs": 495696,
    "expected_runs": 500000.9151279999,
    "z_statistic": 6.08665617849357,
    "p_value": 7.445544976264407e-18,
    "passed": false
}