{
    "total_runs": 496330,
    "expected_runs": 500000.910958,
    "z_statistic": 5.190038773768093,
    "p_value": 2.1387615359282205e-13,
    "passed": false
}