{
    "total_runs": 494120,
    "expected_runs": 499996.915918,
    "z_statistic": 8.309867858963022,
    "p_value": 6.902587819446927e-32,
    "passed": false
}