{
    "total_runs": 494461,
    "expected_runs": 500000.2112320001,
    "z_statistic": 7.832225791199678,
    "p_value": 1.6323473431756843e-28,
    "passed": false
}