{
    "total_runs": 494332,
    "expected_runs": 499993.916152,
    "z_statistic": 8.005857822175184,
    "p_value": 1.021237680262535e-29,
    "passed": false
}