{
    "total_runs": 496453,
    "expected_runs": 499999.5787019999,
    "z_statistic": 5.0142197402304465,
    "p_value": 1.329755967424226e-12,
    "passed": false
}