{
    "total_runs": 495999,
    "expected_runs": 500000.847648,
    "z_statistic": 5.658054728822,
    "p_value": 1.2271532684180624e-15,
    "passed": false
}