{
    "total_runs": 494853,
    "expected_runs": 499998.886432,
    "z_statistic": 7.275998925640756,
    "p_value": 7.832561031367921e-25,
    "passed": false
}