{
    "total_runs": 494397,
    "expected_runs": 499999.03583799995,
    "z_statistic": 7.921091962052947,
    "p_value": 3.981106255836183e-29,
    "passed": false
}