{
    "total_runs": 494073,
    "expected_runs": 500000.971678,
    "z_statistic": 8.382004205619069,
    "p_value": 2.0529591374093514e-32,
    "passed": false
}