{
    "total_runs": 495710,
    "expected_runs": 499998.714478,
    "z_statistic": 6.0637716841382625,
    "p_value": 9.86845558236933e-18,
    "passed": false
}