{
    "total_runs": 493281,
    "expected_runs": 500000.363808,
    "z_statistic": 9.501213303421933,
    "p_value": 3.6828468461185624e-41,
    "passed": false
}