{
    "total_runs": 495263,
    "expected_runs": 500000.37727200007,
    "z_statistic": 6.698257316962946,
    "p_value": 2.725287825516226e-21,
    "passed": false
}