{
    "total_runs": 493802,
    "expected_runs": 500000.653888,
    "z_statistic": 8.764812250517341,
    "p_value": 2.770501973830018e-35,
    "passed": false
}