{
    "total_runs": 493967,
    "expected_runs": 499999.565182,
    "z_statistic": 8.529945760561166,
    "p_value": 1.653059437652268e-33,
    "passed": false
}