{
    "total_runs": 494611,
    "expected_runs": 499994.26555,
    "z_statistic": 7.611775459345986,
    "p_value": 5.053896021992386e-27,
    "passed": false
}