{
    "total_runs": 494817,
    "expected_runs": 499998.73580799997,
    "z_statistic": 7.326700020856638,
    "p_value": 3.7102421699678354e-25,
    "passed": false
}