{
    "total_runs": 493885,
    "expected_runs": 499999.66175200004,
    "z_statistic": 8.646046506549009,
    "p_value": 2.220484876623677e-34,
    "passed": false
}