{
    "total_runs": 494972,
    "expected_runs": 499994.641822,
    "z_statistic": 7.1017642786151,
    "p_value": 9.821746010897706e-24,
    "passed": false
}