{
    "total_runs": 496173,
    "expected_runs": 500000.523712,
    "z_statistic": 5.411526885143266,
    "p_value": 1.962603561732142e-14,
    "passed": false
}