{
    "total_runs": 493974,
    "expected_runs": 499997.25715200003,
    "z_statistic": 8.516821494793415,
    "p_value": 2.0706723770189195e-33,
    "passed": false
}