{
    "total_runs": 494792,
    "expected_runs": 499995.01420000003,
    "z_statistic": 7.356847106528295,
    "p_value": 2.3735758627293674e-25,
    "passed": false
}