{
    "total_runs": 494648,
    "expected_runs": 500000.86892800004,
    "z_statistic": 7.568687606106857,
    "p_value": 9.775069851117809e-27,
    "passed": false
}