{
    "total_runs": 496164,
    "expected_runs": 500000.03672800004,
    "z_statistic": 5.42357140168553,
    "p_value": 1.7187807570336518e-14,
    "passed": false
}