{
    "total_runs": 494675,
    "expected_runs": 499996.03875,
    "z_statistic": 7.523745606966203,
    "p_value": 1.9374827794979123e-26,
    "passed": false
}