{
    "total_runs": 495538,
    "expected_runs": 500000.241088,
    "z_statistic": 6.309157227855977,
    "p_value": 4.55896527473426e-19,
    "passed": false
}