{
    "total_runs": 495639,
    "expected_runs": 499999.922488,
    "z_statistic": 6.16587480103324,
    "p_value": 2.785367169706203e-18,
    "passed": false
}