{
    "total_runs": 495110,
    "expected_runs": 500000.881902,
    "z_statistic": 6.915338937586532,
    "p_value": 1.375279801925754e-22,
    "passed": false
}