{
    "total_runs": 495388,
    "expected_runs": 499994.8048,
    "z_statistic": 6.5136723208086,
    "p_value": 3.2092917417465394e-20,
    "passed": false
}