{
    "total_runs": 496170,
    "expected_runs": 499996.5598,
    "z_statistic": 5.410206597627958,
    "p_value": 1.991316635029331e-14,
    "passed": false
}