{
    "total_runs": 495260,
    "expected_runs": 500000.72174199997,
    "z_statistic": 6.702982499727992,
    "p_value": 2.55629884896265e-21,
    "passed": false
}