{
    "total_runs": 494451,
    "expected_runs": 499994.15499999997,
    "z_statistic": 7.837898066598349,
    "p_value": 1.4924531685119563e-28,
    "passed": false
}