{
    "total_runs": 495956,
    "expected_runs": 500000.98307200003,
    "z_statistic": 5.7190559000540135,
    "p_value": 6.066912675121827e-16,
    "passed": false
}