{
    "total_runs": 495468,
    "expected_runs": 500000.38395000005,
    "z_statistic": 6.40835253414099,
    "p_value": 1.271684304815652e-19,
    "passed": false
}