{
    "total_runs": 495138,
    "expected_runs": 499994.39702199993,
    "z_statistic": 6.866659000014862,
    "p_value": 2.7087487637415455e-22,
    "passed": false
}