{
    "total_runs": 493762,
    "expected_runs": 500000.79134200007,
    "z_statistic": 8.82157279649344,
    "p_value": 1.0145463183226043e-35,
    "passed": false
}