{
    "total_runs": 495695,
    "expected_runs": 499997.7232,
    "z_statistic": 6.083595160464244,
    "p_value": 7.731937718136909e-18,
    "passed": false
}