{
    "total_runs": 496000,
    "expected_runs": 499996.0764779999,
    "z_statistic": 5.649946973181661,
    "p_value": 1.3468544917198721e-15,
    "passed": false
}