{
    "total_runs": 494435,
    "expected_runs": 499995.13126200007,
    "z_statistic": 7.861891104490908,
    "p_value": 1.020943062835263e-28,
    "passed": false
}