{
    "total_runs": 498043,
    "expected_runs": 499999.133688,
    "z_statistic": 2.7649868984785453,
    "p_value": 9.218844054779263e-05,
    "passed": false
}