{
    "total_runs": 494736,
    "expected_runs": 499998.304158,
    "z_statistic": 7.440647813635302,
    "p_value": 6.792464086108091e-26,
    "passed": false
}