{
    "total_runs": 494790,
    "expected_runs": 499999.555,
    "z_statistic": 7.366030409194068,
    "p_value": 2.0708673267415376e-25,
    "passed": false
}