{
    "total_runs": 494722,
    "expected_runs": 499999.45823199995,
    "z_statistic": 7.46206180252569,
    "p_value": 4.9227289881454415e-26,
    "passed": false
}