{
    "total_runs": 494632,
    "expected_runs": 499995.86719200003,
    "z_statistic": 7.584317373821946,
    "p_value": 7.6980637950942e-27,
    "passed": false
}