{
    "total_runs": 494951,
    "expected_runs": 499999.29983200005,
    "z_statistic": 7.137984147322376,
    "p_value": 5.834833112628739e-24,
    "passed": false
}