{
    "total_runs": 495186,
    "expected_runs": 499999.697502,
    "z_statistic": 6.8061998090508276,
    "p_value": 6.245122131636138e-22,
    "passed": false
}