{
    "total_runs": 495240,
    "expected_runs": 499996.82394999993,
    "z_statistic": 6.725806904960541,
    "p_value": 1.8752247573898677e-21,
    "passed": false
}