{
    "total_runs": 494927,
    "expected_runs": 499999.14526200003,
    "z_statistic": 7.1717090095669604,
    "p_value": 3.5845306133060114e-24,
    "passed": false
}