{
    "total_runs": 494962,
    "expected_runs": 500000.982328,
    "z_statistic": 7.124783187071933,
    "p_value": 7.056465358688831e-24,
    "passed": false
}