{
    "total_runs": 495922,
    "expected_runs": 499999.08703199995,
    "z_statistic": 5.764479616597516,
    "p_value": 3.573471070791487e-16,
    "passed": false
}