{
    "total_runs": 495744,
    "expected_runs": 499997.939662,
    "z_statistic": 6.014601763383495,
    "p_value": 1.8014348338158246e-17,
    "passed": false
}