{
    "total_runs": 494954,
    "expected_runs": 499997.48875,
    "z_statistic": 7.131206057258318,
    "p_value": 6.4333522265601775e-24,
    "passed": false
}