{
    "total_runs": 495078,
    "expected_runs": 500000.94879999995,
    "z_statistic": 6.9606874590403125,
    "p_value": 7.283255764435159e-23,
    "passed": false
}