{
    "total_runs": 494991,
    "expected_runs": 499993.43395000004,
    "z_statistic": 7.073202755814711,
    "p_value": 1.4782010141743773e-23,
    "passed": false
}