{
    "total_runs": 496170,
    "expected_runs": 499995.679678,
    "z_statistic": 5.408971427299706,
    "p_value": 2.0185525484241814e-14,
    "passed": false
}