{
    "total_runs": 495557,
    "expected_runs": 499998.18206200004,
    "z_statistic": 6.279401081412034,
    "p_value": 6.661187293978292e-19,
    "passed": false
}