{
    "total_runs": 495988,
    "expected_runs": 500000.123512,
    "z_statistic": 5.672595214947298,
    "p_value": 1.0381618528379397e-15,
    "passed": false
}