{
    "total_runs": 495370,
    "expected_runs": 499998.52691200003,
    "z_statistic": 6.544343688672619,
    "p_value": 2.1403076690244913e-20,
    "passed": false
}