{
    "total_runs": 494244,
    "expected_runs": 499998.81594999996,
    "z_statistic": 8.137160095817594,
    "p_value": 1.2067832585802531e-30,
    "passed": false
}