{
    "total_runs": 494872,
    "expected_runs": 500000.95795000007,
    "z_statistic": 7.25202829006461,
    "p_value": 1.1131464457490695e-24,
    "passed": false
}