{
    "total_runs": 495026,
    "expected_runs": 499996.96719999996,
    "z_statistic": 7.028651709082598,
    "p_value": 2.787863533483101e-23,
    "passed": false
}