{
    "total_runs": 495073,
    "expected_runs": 499999.11819999997,
    "z_statistic": 6.965195168939059,
    "p_value": 6.835772398072006e-23,
    "passed": false
}