{
    "total_runs": 495977,
    "expected_runs": 499993.151278,
    "z_statistic": 5.678370528230609,
    "p_value": 9.713272076594113e-16,
    "passed": false
}