{
    "total_runs": 494766,
    "expected_runs": 499996.73679999996,
    "z_statistic": 7.3960277716928,
    "p_value": 1.3246549038192409e-25,
    "passed": false
}