{
    "total_runs": 494838,
    "expected_runs": 499996.00720000005,
    "z_statistic": 7.293182350297449,
    "p_value": 6.083770947249226e-25,
    "passed": false
}