{
    "total_runs": 495810,
    "expected_runs": 499993.696158,
    "z_statistic": 5.91531204293849,
    "p_value": 5.985316035869788e-17,
    "passed": false
}