{
    "total_runs": 495035,
    "expected_runs": 499995.541792,
    "z_statistic": 7.013927832356581,
    "p_value": 3.4352622168225264e-23,
    "passed": false
}