{
    "total_runs": 495143,
    "expected_runs": 499999.716798,
    "z_statistic": 6.867038174368668,
    "p_value": 2.6945339201959603e-22,
    "passed": false
}