{
    "total_runs": 495792,
    "expected_runs": 499997.7640319999,
    "z_statistic": 5.94647280582429,
    "p_value": 4.1147275651375513e-17,
    "passed": false
}