{
    "total_runs": 495605,
    "expected_runs": 499998.042688,
    "z_statistic": 6.211323073531729,
    "p_value": 1.575690919265269e-18,
    "passed": false
}