{
    "total_runs": 494939,
    "expected_runs": 500000.89694199996,
    "z_statistic": 7.157190568360361,
    "p_value": 4.422254321916654e-24,
    "passed": false
}