{
    "total_runs": 494120,
    "expected_runs": 499998.47324799997,
    "z_statistic": 8.312044384756144,
    "p_value": 6.655610223797434e-32,
    "passed": false
}