{
    "total_runs": 495047,
    "expected_runs": 500000.21875,
    "z_statistic": 7.003505863066246,
    "p_value": 3.981428551735486e-23,
    "passed": false
}