{
    "total_runs": 495908,
    "expected_runs": 500000.955598,
    "z_statistic": 5.786899617219903,
    "p_value": 2.747749421374626e-16,
    "passed": false
}