{
    "total_runs": 494327,
    "expected_runs": 499995.673152,
    "z_statistic": 8.01538563213812,
    "p_value": 8.756370462211495e-30,
    "passed": false
}