{
    "total_runs": 494761,
    "expected_runs": 499997.0800000001,
    "z_statistic": 7.403579180169019,
    "p_value": 1.183399760776595e-25,
    "passed": false
}