{
    "total_runs": 495928,
    "expected_runs": 500000.54303199996,
    "z_statistic": 5.758036638116986,
    "p_value": 3.853044680507079e-16,
    "passed": false
}