{
    "total_runs": 494370,
    "expected_runs": 499999.89887200005,
    "z_statistic": 7.960482657029779,
    "p_value": 2.1193059031481458e-29,
    "passed": false
}