{
    "total_runs": 493328,
    "expected_runs": 500000.98,
    "z_statistic": 9.435604981306215,
    "p_value": 1.284497794583526e-40,
    "passed": false
}