{
    "total_runs": 494380,
    "expected_runs": 499998.14872799994,
    "z_statistic": 7.943893213404879,
    "p_value": 2.7648538343241306e-29,
    "passed": false
}