{
    "total_runs": 495465,
    "expected_runs": 499996.397422,
    "z_statistic": 6.407008454644838,
    "p_value": 1.2940438048301515e-19,
    "passed": false
}