{
    "total_runs": 495818,
    "expected_runs": 500000.998942,
    "z_statistic": 5.914239634120832,
    "p_value": 6.062799888234683e-17,
    "passed": false
}