{
    "total_runs": 494537,
    "expected_runs": 500000.871982,
    "z_statistic": 7.725669624501954,
    "p_value": 8.682325696843162e-28,
    "passed": false
}