{
    "total_runs": 495384,
    "expected_runs": 499994.073358,
    "z_statistic": 6.518304352777533,
    "p_value": 3.0191963952998724e-20,
    "passed": false
}