{
    "total_runs": 495457,
    "expected_runs": 500000.98195,
    "z_statistic": 6.4247469192395155,
    "p_value": 1.0278354104986529e-19,
    "passed": false
}