{
    "total_runs": 494267,
    "expected_runs": 500000.99911800004,
    "z_statistic": 8.107685120050599,
    "p_value": 1.954922576266495e-30,
    "passed": false
}