{
    "total_runs": 495070,
    "expected_runs": 499995.83510200004,
    "z_statistic": 6.964840539081484,
    "p_value": 6.869967622167526e-23,
    "passed": false
}