{
    "total_runs": 494353,
    "expected_runs": 499994.606112,
    "z_statistic": 7.977123673265643,
    "p_value": 1.622249968056524e-29,
    "passed": false
}