{
    "total_runs": 494810,
    "expected_runs": 500000.99663799995,
    "z_statistic": 7.339763683482872,
    "p_value": 3.057965012738435e-25,
    "passed": false
}