{
    "total_runs": 494686,
    "expected_runs": 500000.70967799996,
    "z_statistic": 7.514724656520493,
    "p_value": 2.2216058008369836e-26,
    "passed": false
}