{
    "total_runs": 495197,
    "expected_runs": 500000.989342,
    "z_statistic": 6.792452812177732,
    "p_value": 7.543766651756257e-22,
    "passed": false
}