{
    "total_runs": 494849,
    "expected_runs": 499998.509088,
    "z_statistic": 7.281127651547204,
    "p_value": 7.264054198609998e-25,
    "passed": false
}