{
    "total_runs": 495356,
    "expected_runs": 499993.604142,
    "z_statistic": 6.5572454538841995,
    "p_value": 1.8039701858537468e-20,
    "passed": false
}