{
    "total_runs": 496317,
    "expected_runs": 500000.18591199996,
    "z_statistic": 5.207405734502522,
    "p_value": 1.7796697498797253e-13,
    "passed": false
}