{
    "total_runs": 495091,
    "expected_runs": 500000.91095799993,
    "z_statistic": 6.942249689589006,
    "p_value": 9.435859230911639e-23,
    "passed": false
}