{
    "total_runs": 496451,
    "expected_runs": 499996.68995200004,
    "z_statistic": 5.0129918169968075,
    "p_value": 1.3465477721882302e-12,
    "passed": false
}