{
    "total_runs": 496412,
    "expected_runs": 500000.363808,
    "z_statistic": 5.0733050056321005,
    "p_value": 7.244645398510522e-13,
    "passed": false
}