{
    "total_runs": 495071,
    "expected_runs": 500000.9726219999,
    "z_statistic": 6.9706203122812385,
    "p_value": 6.333179187769107e-23,
    "passed": false
}