{
    "total_runs": 493752,
    "expected_runs": 499998.59318200004,
    "z_statistic": 8.832645100187822,
    "p_value": 8.333762368832551e-36,
    "passed": false
}