{
    "total_runs": 494475,
    "expected_runs": 500000.637048,
    "z_statistic": 7.8130223119746125,
    "p_value": 2.2097481711677354e-28,
    "passed": false
}