{
    "total_runs": 494777,
    "expected_runs": 499999.023928,
    "z_statistic": 7.383672029787174,
    "p_value": 1.5926651652582027e-25,
    "passed": false
}