{
    "total_runs": 495426,
    "expected_runs": 499997.531022,
    "z_statistic": 6.463751803784986,
    "p_value": 6.180571426802912e-20,
    "passed": false
}