{
    "total_runs": 494393,
    "expected_runs": 499999.901838,
    "z_statistic": 7.9279598210002735,
    "p_value": 3.5674722972383536e-29,
    "passed": false
}