{
    "total_runs": 495663,
    "expected_runs": 500000.481838,
    "z_statistic": 6.13271778376684,
    "p_value": 4.2098304581152025e-18,
    "passed": false
}