{
    "total_runs": 496292,
    "expected_runs": 500000.8942,
    "z_statistic": 5.243755375063148,
    "p_value": 1.2090196978287873e-13,
    "passed": false
}