{
    "total_runs": 494669,
    "expected_runs": 499996.397422,
    "z_statistic": 7.53273281276215,
    "p_value": 1.690290344735642e-26,
    "passed": false
}