{
    "total_runs": 495587,
    "expected_runs": 499997.86499200005,
    "z_statistic": 6.236529983063563,
    "p_value": 1.1467941129217506e-18,
    "passed": false
}