{
    "total_runs": 494774,
    "expected_runs": 500000.824768,
    "z_statistic": 7.390434851572179,
    "p_value": 1.439930322757092e-25,
    "passed": false
}