{
    "total_runs": 495256,
    "expected_runs": 499995.515328,
    "z_statistic": 6.701346151741609,
    "p_value": 2.6136130990501517e-21,
    "passed": false
}