{
    "total_runs": 494110,
    "expected_runs": 500000.97878199996,
    "z_statistic": 8.32968822907276,
    "p_value": 4.951770271636535e-32,
    "passed": false
}