{
    "total_runs": 495259,
    "expected_runs": 499994.47672800004,
    "z_statistic": 6.695648554550924,
    "p_value": 2.823273060860433e-21,
    "passed": false
}