{
    "total_runs": 495275,
    "expected_runs": 499998.79919800005,
    "z_statistic": 6.679076076824424,
    "p_value": 3.5323904703228964e-21,
    "passed": false
}