{
    "total_runs": 495007,
    "expected_runs": 500000.49398200004,
    "z_statistic": 7.060459844850059,
    "p_value": 1.7730453412840392e-23,
    "passed": false
}