{
    "total_runs": 495410,
    "expected_runs": 500000.92079800006,
    "z_statistic": 6.491129270970871,
    "p_value": 4.317202039889533e-20,
    "passed": false
}