{
    "total_runs": 495167,
    "expected_runs": 500000.91430199996,
    "z_statistic": 6.834774123128191,
    "p_value": 4.2119061295558356e-22,
    "passed": false
}