{
    "total_runs": 495562,
    "expected_runs": 500000.30615799996,
    "z_statistic": 6.275307257188675,
    "p_value": 7.016967043222116e-19,
    "passed": false
}