{
    "total_runs": 495217,
    "expected_runs": 499999.875,
    "z_statistic": 6.762607694440155,
    "p_value": 1.1354186225756168e-21,
    "passed": false
}