{
    "total_runs": 495226,
    "expected_runs": 499999.96031800006,
    "z_statistic": 6.74999925008972,
    "p_value": 1.3487816907957657e-21,
    "passed": false
}