{
    "total_runs": 493789,
    "expected_runs": 500000.998848,
    "z_statistic": 8.78367882696289,
    "p_value": 1.9854099448857815e-35,
    "passed": false
}