{
    "total_runs": 496379,
    "expected_runs": 499998.7528000001,
    "z_statistic": 5.117712289681832,
    "p_value": 4.569023220621149e-13,
    "passed": false
}