{
    "total_runs": 494641,
    "expected_runs": 499995.97555,
    "z_statistic": 7.5717409230912756,
    "p_value": 9.329767924704834e-27,
    "passed": false
}