{
    "total_runs": 494579,
    "expected_runs": 499997.604382,
    "z_statistic": 7.661701625020194,
    "p_value": 2.342416793343189e-27,
    "passed": false
}