{
    "total_runs": 494913,
    "expected_runs": 500000.12615799997,
    "z_statistic": 7.192881163467445,
    "p_value": 2.6369025467308664e-24,
    "passed": false
}