{
    "total_runs": 494902,
    "expected_runs": 499998.632512,
    "z_statistic": 7.206346729218468,
    "p_value": 2.168152318146611e-24,
    "passed": false
}