{
    "total_runs": 495043,
    "expected_runs": 500000.852032,
    "z_statistic": 7.010049444857061,
    "p_value": 3.6292501950944766e-23,
    "passed": false
}