{
    "total_runs": 495157,
    "expected_runs": 499995.3552,
    "z_statistic": 6.8411305634836115,
    "p_value": 3.857713101033566e-22,
    "passed": false
}