{
    "total_runs": 494880,
    "expected_runs": 499993.634878,
    "z_statistic": 7.230464090429616,
    "p_value": 1.5256456653600709e-24,
    "passed": false
}