{
    "total_runs": 495772,
    "expected_runs": 500000.13670200005,
    "z_statistic": 5.978084375710114,
    "p_value": 2.807954654412783e-17,
    "passed": false
}