{
    "total_runs": 494855,
    "expected_runs": 499994.75542199996,
    "z_statistic": 7.267388375057748,
    "p_value": 8.887793549712134e-25,
    "passed": false
}