{
    "total_runs": 494163,
    "expected_runs": 500000.99539200007,
    "z_statistic": 8.254758122951609,
    "p_value": 1.731076977198457e-31,
    "passed": false
}