{
    "total_runs": 493781,
    "expected_runs": 500000.6488779999,
    "z_statistic": 8.794503758791215,
    "p_value": 1.639393906573138e-35,
    "passed": false
}