{
    "total_runs": 495942,
    "expected_runs": 500000.465422,
    "z_statistic": 5.73812876360704,
    "p_value": 4.860268128058516e-16,
    "passed": false
}