{
    "total_runs": 495216,
    "expected_runs": 500000.9994219999,
    "z_statistic": 6.765596872798346,
    "p_value": 1.0899485015216339e-21,
    "passed": false
}