{
    "total_runs": 495165,
    "expected_runs": 499997.456878,
    "z_statistic": 6.8327602614947756,
    "p_value": 4.330697119616809e-22,
    "passed": false
}