{
    "total_runs": 495448,
    "expected_runs": 499997.6718,
    "z_statistic": 6.432836169874736,
    "p_value": 9.251654453695504e-20,
    "passed": false
}