{
    "total_runs": 495053,
    "expected_runs": 499995.29455800005,
    "z_statistic": 6.98812552029373,
    "p_value": 4.948044737688686e-23,
    "passed": false
}