{
    "total_runs": 495289,
    "expected_runs": 499996.095288,
    "z_statistic": 6.655489068623933,
    "p_value": 4.8547597162500975e-21,
    "passed": false
}