{
    "total_runs": 495102,
    "expected_runs": 500000.5950000001,
    "z_statistic": 6.926250882273997,
    "p_value": 1.1806594888854221e-22,
    "passed": false
}