{
    "total_runs": 494552,
    "expected_runs": 499993.43395,
    "z_statistic": 7.694051904447819,
    "p_value": 1.4194585132151411e-27,
    "passed": false
}