{
    "total_runs": 494094,
    "expected_runs": 499993.886008,
    "z_statistic": 8.342403290987033,
    "p_value": 3.999839982756049e-32,
    "passed": false
}