{
    "total_runs": 494877,
    "expected_runs": 500000.770158,
    "z_statistic": 7.244694364633847,
    "p_value": 1.2392445097885017e-24,
    "passed": false
}