{
    "total_runs": 495045,
    "expected_runs": 499998.995998,
    "z_statistic": 7.004622189305054,
    "p_value": 3.9190401287781495e-23,
    "passed": false
}