{
    "total_runs": 494341,
    "expected_runs": 499998.97995,
    "z_statistic": 8.000210089011464,
    "p_value": 1.1186341051394589e-29,
    "passed": false
}