{
    "total_runs": 495153,
    "expected_runs": 499997.317102,
    "z_statistic": 6.849535184800821,
    "p_value": 3.434278299556996e-22,
    "passed": false
}