{
    "total_runs": 494149,
    "expected_runs": 500000.78744800005,
    "z_statistic": 8.27426647694771,
    "p_value": 1.2510241588783271e-31,
    "passed": false
}