{
    "total_runs": 495080,
    "expected_runs": 499994.965662,
    "z_statistic": 6.9494807552676905,
    "p_value": 8.525355353008213e-23,
    "passed": false
}