{
    "total_runs": 495417,
    "expected_runs": 500000.6958,
    "z_statistic": 6.48091449557858,
    "p_value": 4.9364849687395494e-20,
    "passed": false
}