{
    "total_runs": 495036,
    "expected_runs": 499994.418808,
    "z_statistic": 7.010941193337233,
    "p_value": 3.583708419674519e-23,
    "passed": false
}