{
    "total_runs": 494585,
    "expected_runs": 499995.738232,
    "z_statistic": 7.650605688006992,
    "p_value": 2.7801730205025297e-27,
    "passed": false
}