{
    "total_runs": 494416,
    "expected_runs": 500000.04780000006,
    "z_statistic": 7.895636954588369,
    "p_value": 5.973565069908189e-29,
    "passed": false
}