{
    "total_runs": 495360,
    "expected_runs": 499997.8248,
    "z_statistic": 6.557502161269642,
    "p_value": 1.7978382230737846e-20,
    "passed": false
}