{
    "total_runs": 495554,
    "expected_runs": 499999.5787019999,
    "z_statistic": 6.285601346828129,
    "p_value": 6.156005034569494e-19,
    "passed": false
}