{
    "total_runs": 494538,
    "expected_runs": 499996.972878,
    "z_statistic": 7.71880143624227,
    "p_value": 9.662380475243783e-28,
    "passed": false
}