{
    "total_runs": 494890,
    "expected_runs": 499997.376568,
    "z_statistic": 7.221559330708127,
    "p_value": 1.737277581534541e-24,
    "passed": false
}