{
    "total_runs": 495181,
    "expected_runs": 499996.427712,
    "z_statistic": 6.8086912279696294,
    "p_value": 6.034673916342983e-22,
    "passed": false
}