{
    "total_runs": 495041,
    "expected_runs": 499998.840958,
    "z_statistic": 7.010061979366497,
    "p_value": 3.6286061016046194e-23,
    "passed": false
}