{
    "total_runs": 494507,
    "expected_runs": 499997.73854199995,
    "z_statistic": 7.7637133420286055,
    "p_value": 4.793122887114487e-28,
    "passed": false
}