{
    "total_runs": 495459,
    "expected_runs": 500000.952568,
    "z_statistic": 6.421877316963515,
    "p_value": 1.0668989608730897e-19,
    "passed": false
}