{
    "total_runs": 493834,
    "expected_runs": 499999.05166199995,
    "z_statistic": 8.717319428138152,
    "p_value": 6.389581143537907e-35,
    "passed": false
}