{
    "total_runs": 495193,
    "expected_runs": 500000.13407200004,
    "z_statistic": 6.796911758478301,
    "p_value": 7.095669201429546e-22,
    "passed": false
}