{
    "total_runs": 495285,
    "expected_runs": 499995.71875,
    "z_statistic": 6.660618483995598,
    "p_value": 4.53081496378554e-21,
    "passed": false
}