{
    "total_runs": 494997,
    "expected_runs": 499994.41880800005,
    "z_statistic": 7.066096248241878,
    "p_value": 1.636063239085792e-23,
    "passed": false
}