{
    "total_runs": 494962,
    "expected_runs": 500000.999488,
    "z_statistic": 7.124807210454113,
    "p_value": 7.054026841403628e-24,
    "passed": false
}