{
    "total_runs": 494804,
    "expected_runs": 500000.92316799995,
    "z_statistic": 7.348146142379635,
    "p_value": 2.7006910926106e-25,
    "passed": false
}