{
    "total_runs": 494889,
    "expected_runs": 499995.15863799996,
    "z_statistic": 7.219868931661752,
    "p_value": 1.7806186704499926e-24,
    "passed": false
}