{
    "total_runs": 495884,
    "expected_runs": 499996.806592,
    "z_statistic": 5.815021417776173,
    "p_value": 1.9734866961597616e-16,
    "passed": false
}