{
    "total_runs": 496276,
    "expected_runs": 499995.468862,
    "z_statistic": 5.258767269837379,
    "p_value": 1.0298196865966719e-13,
    "passed": false
}