{
    "total_runs": 495579,
    "expected_runs": 499995.77062200004,
    "z_statistic": 6.244908015930315,
    "p_value": 1.0315787437001413e-18,
    "passed": false
}