{
    "total_runs": 495207,
    "expected_runs": 499994.8118380001,
    "z_statistic": 6.76965800530864,
    "p_value": 1.031046537549646e-21,
    "passed": false
}