{
    "total_runs": 494990,
    "expected_runs": 499996.045048,
    "z_statistic": 7.07827273217316,
    "p_value": 1.3748921434156645e-23,
    "passed": false
}