{
    "total_runs": 495428,
    "expected_runs": 499993.93871799996,
    "z_statistic": 6.4558894201091075,
    "p_value": 6.849526114425022e-20,
    "passed": false
}