{
    "total_runs": 494664,
    "expected_runs": 499999.945848,
    "z_statistic": 7.544768679433623,
    "p_value": 1.4075631050150413e-26,
    "passed": false
}