{
    "total_runs": 496074,
    "expected_runs": 499998.2855500001,
    "z_statistic": 5.54839375554737,
    "p_value": 4.274212495848842e-15,
    "passed": false
}