{
    "total_runs": 494886,
    "expected_runs": 500000.998318,
    "z_statistic": 7.232285803598203,
    "p_value": 1.4856069507331846e-24,
    "passed": false
}