{
    "total_runs": 496498,
    "expected_runs": 500000.67195,
    "z_statistic": 4.952115211754217,
    "p_value": 2.4991614578683694e-12,
    "passed": false
}