{
    "total_runs": 495437,
    "expected_runs": 499996.27526200004,
    "z_statistic": 6.4464356119888295,
    "p_value": 7.749185580266778e-20,
    "passed": false
}