{
    "total_runs": 494639,
    "expected_runs": 500000.155,
    "z_statistic": 7.580416708326233,
    "p_value": 8.171293782575017e-27,
    "passed": false
}