{
    "total_runs": 495335,
    "expected_runs": 499999.354702,
    "z_statistic": 6.595001167209179,
    "p_value": 1.0917716835230277e-20,
    "passed": false
}