{
    "total_runs": 495513,
    "expected_runs": 500000.537278,
    "z_statistic": 6.34492773851534,
    "p_value": 2.883290388321589e-19,
    "passed": false
}