{
    "total_runs": 495060,
    "expected_runs": 499993.47280000005,
    "z_statistic": 6.975674944397343,
    "p_value": 5.897911367522511e-23,
    "passed": false
}