{
    "total_runs": 495111,
    "expected_runs": 499998.50462200004,
    "z_statistic": 6.91059559812771,
    "p_value": 1.4694832301161617e-22,
    "passed": false
}