{
    "total_runs": 495122,
    "expected_runs": 500000.569408,
    "z_statistic": 6.8979307485972745,
    "p_value": 1.7534608264902362e-22,
    "passed": false
}