{
    "total_runs": 495229,
    "expected_runs": 499999.475742,
    "z_statistic": 6.7450778422235755,
    "p_value": 1.4424321341379771e-21,
    "passed": false
}