{
    "total_runs": 494465,
    "expected_runs": 499996.701688,
    "z_statistic": 7.821660576484403,
    "p_value": 1.9284843891586995e-28,
    "passed": false
}