{
    "total_runs": 495389,
    "expected_runs": 500000.15759799996,
    "z_statistic": 6.519758384283922,
    "p_value": 2.9618523527195473e-20,
    "passed": false
}