{
    "total_runs": 495909,
    "expected_runs": 500000.947512,
    "z_statistic": 5.7854740617627725,
    "p_value": 2.794124317758515e-16,
    "passed": false
}