{
    "total_runs": 495261,
    "expected_runs": 499993.59644800005,
    "z_statistic": 6.6915869514619555,
    "p_value": 2.9828059530555917e-21,
    "passed": false
}