{
    "total_runs": 494987,
    "expected_runs": 499997.73854199995,
    "z_statistic": 7.084886404158426,
    "p_value": 1.2508066076031124e-23,
    "passed": false
}