{
    "total_runs": 495379,
    "expected_runs": 500000.74936799996,
    "z_statistic": 6.5347297001772,
    "p_value": 2.430578414871426e-20,
    "passed": false
}