{
    "total_runs": 495292,
    "expected_runs": 500000.9771020001,
    "z_statistic": 6.6580853739041865,
    "p_value": 4.68802705625023e-21,
    "passed": false
}