{
    "total_runs": 495219,
    "expected_runs": 500000.702008,
    "z_statistic": 6.760937646788541,
    "p_value": 1.1616346962640006e-21,
    "passed": false
}