{
    "total_runs": 494612,
    "expected_runs": 500000.95852799993,
    "z_statistic": 7.619724655811722,
    "p_value": 4.472979453699173e-27,
    "passed": false
}