{
    "total_runs": 495170,
    "expected_runs": 500000.836408,
    "z_statistic": 6.830422387041835,
    "p_value": 4.472764077839935e-22,
    "passed": false
}