{
    "total_runs": 493581,
    "expected_runs": 499995.89918199996,
    "z_statistic": 9.07071574701836,
    "p_value": 1.1438055020407828e-37,
    "passed": false
}