{
    "total_runs": 495336,
    "expected_runs": 499999.922488,
    "z_statistic": 6.594382433876521,
    "p_value": 1.1008187991690732e-20,
    "passed": false
}