{
    "total_runs": 494918,
    "expected_runs": 499994.70584799995,
    "z_statistic": 7.1782224105038495,
    "p_value": 3.261769098650364e-24,
    "passed": false
}