{
    "total_runs": 495732,
    "expected_runs": 499999.968952,
    "z_statistic": 6.034417805692166,
    "p_value": 1.4142725546911953e-17,
    "passed": false
}