{
    "total_runs": 494179,
    "expected_runs": 499995.892792,
    "z_statistic": 8.224998477310411,
    "p_value": 2.8369677571092467e-31,
    "passed": false
}