{
    "total_runs": 495039,
    "expected_runs": 499994.14019199996,
    "z_statistic": 7.006308373284455,
    "p_value": 3.8266346229875573e-23,
    "passed": false
}