{
    "total_runs": 495785,
    "expected_runs": 499999.479232,
    "z_statistic": 5.958777598508372,
    "p_value": 3.546880444397313e-17,
    "passed": false
}