{
    "total_runs": 494602,
    "expected_runs": 499995.30806199997,
    "z_statistic": 7.625962006779999,
    "p_value": 4.063957689673075e-27,
    "passed": false
}