{
    "total_runs": 495240,
    "expected_runs": 499993.96875000006,
    "z_statistic": 6.721807393202044,
    "p_value": 1.97999587087241e-21,
    "passed": false
}