{
    "total_runs": 494784,
    "expected_runs": 499996.4398,
    "z_statistic": 7.3701560634222805,
    "p_value": 1.947645177630288e-25,
    "passed": false
}