{
    "total_runs": 494308,
    "expected_runs": 499994.846968,
    "z_statistic": 8.041100850025229,
    "p_value": 5.7761086712690035e-30,
    "passed": false
}