{
    "total_runs": 494698,
    "expected_runs": 500000.9682480001,
    "z_statistic": 7.498115879753577,
    "p_value": 2.856937263578045e-26,
    "passed": false
}