{
    "total_runs": 494923,
    "expected_runs": 499997.10236799996,
    "z_statistic": 7.174506099301726,
    "p_value": 3.442221945113384e-24,
    "passed": false
}