{
    "total_runs": 495719,
    "expected_runs": 499999.16830200003,
    "z_statistic": 6.051680018065868,
    "p_value": 1.1447649385094251e-17,
    "passed": false
}