{
    "total_runs": 494353,
    "expected_runs": 499996.64875,
    "z_statistic": 7.979979835732102,
    "p_value": 1.5494273472794134e-29,
    "passed": false
}