{
    "total_runs": 495622,
    "expected_runs": 499993.840672,
    "z_statistic": 6.181390666520916,
    "p_value": 2.2941213910183882e-18,
    "passed": false
}