{
    "total_runs": 495729,
    "expected_runs": 499999.658478,
    "z_statistic": 6.038225127112603,
    "p_value": 1.3499078965280418e-17,
    "passed": false
}