{
    "total_runs": 495420,
    "expected_runs": 499998.9192,
    "z_statistic": 6.474182363045517,
    "p_value": 5.391830048042244e-20,
    "passed": false
}