{
    "total_runs": 495286,
    "expected_runs": 500000.944222,
    "z_statistic": 6.666524594713533,
    "p_value": 4.18423059211874e-21,
    "passed": false
}