{
    "total_runs": 495323,
    "expected_runs": 499997.196718,
    "z_statistic": 6.608948449622379,
    "p_value": 9.062644478065762e-21,
    "passed": false
}