{
    "total_runs": 495033,
    "expected_runs": 500000.91758199997,
    "z_statistic": 7.024283365508504,
    "p_value": 2.966175144146063e-23,
    "passed": false
}