{
    "total_runs": 495006,
    "expected_runs": 500000.852032,
    "z_statistic": 7.062375362149988,
    "p_value": 1.7252638329601067e-23,
    "passed": false
}