{
    "total_runs": 494670,
    "expected_runs": 500000.16795000003,
    "z_statistic": 7.536594132700365,
    "p_value": 1.5939401020314058e-26,
    "passed": false
}