{
    "total_runs": 495152,
    "expected_runs": 499997.81975799997,
    "z_statistic": 6.851653388848446,
    "p_value": 3.335030921304903e-22,
    "passed": false
}