{
    "total_runs": 494609,
    "expected_runs": 500000.505982,
    "z_statistic": 7.623334199926291,
    "p_value": 4.231550448509002e-27,
    "passed": false
}