{
    "total_runs": 495127,
    "expected_runs": 500000.99755000003,
    "z_statistic": 6.891459258389056,
    "p_value": 1.918894408261077e-22,
    "passed": false
}