{
    "total_runs": 495659,
    "expected_runs": 499993.772398,
    "z_statistic": 6.128968296976814,
    "p_value": 4.410524867184904e-18,
    "passed": false
}