{
    "total_runs": 494921,
    "expected_runs": 499997.035072,
    "z_statistic": 7.177240342823911,
    "p_value": 3.3085235703509127e-24,
    "passed": false
}