{
    "total_runs": 494899,
    "expected_runs": 499994.440558,
    "z_statistic": 7.204721447732087,
    "p_value": 2.2200257438522686e-24,
    "passed": false
}