{
    "total_runs": 495393,
    "expected_runs": 499997.784352,
    "z_statistic": 6.51077614156797,
    "p_value": 3.334111481240372e-20,
    "passed": false
}