{
    "total_runs": 494438,
    "expected_runs": 500000.999278,
    "z_statistic": 7.865854824215219,
    "p_value": 9.587644953532226e-29,
    "passed": false
}