{
    "total_runs": 494608,
    "expected_runs": 500000.21624800004,
    "z_statistic": 7.624343086796134,
    "p_value": 4.166411576861461e-27,
    "passed": false
}