{
    "total_runs": 494754,
    "expected_runs": 499995.541792,
    "z_statistic": 7.411326181549117,
    "p_value": 1.0540003304660383e-25,
    "passed": false
}