{
    "total_runs": 496069,
    "expected_runs": 499999.07920000004,
    "z_statistic": 5.556578438429811,
    "p_value": 3.897282362682758e-15,
    "passed": false
}