{
    "total_runs": 494979,
    "expected_runs": 499998.43262200005,
    "z_statistic": 7.0971719181341335,
    "p_value": 1.0490186082361607e-23,
    "passed": false
}