{
    "total_runs": 494861,
    "expected_runs": 499996.25063799997,
    "z_statistic": 7.260995855077864,
    "p_value": 9.761205209395596e-25,
    "passed": false
}