{
    "total_runs": 494416,
    "expected_runs": 500000.2799999999,
    "z_statistic": 7.8959616687111325,
    "p_value": 5.942771861932469e-29,
    "passed": false
}