{
    "total_runs": 495182,
    "expected_runs": 499996.63694199995,
    "z_statistic": 6.807570051362433,
    "p_value": 6.1284959528061625e-22,
    "passed": false
}