{
    "total_runs": 495572,
    "expected_runs": 499994.923902,
    "z_statistic": 6.253620749215224,
    "p_value": 9.238860370033897e-19,
    "passed": false
}