{
    "total_runs": 495922,
    "expected_runs": 500000.75500000006,
    "z_statistic": 5.766819250776221,
    "p_value": 3.476979583670471e-16,
    "passed": false
}