{
    "total_runs": 495390,
    "expected_runs": 500000.93375200004,
    "z_statistic": 6.519431697518567,
    "p_value": 2.974641690987964e-20,
    "passed": false
}