{
    "total_runs": 493722,
    "expected_runs": 500000.236152,
    "z_statistic": 8.87736606229376,
    "p_value": 3.755864022950688e-36,
    "passed": false
}