{
    "total_runs": 494784,
    "expected_runs": 499997.875,
    "z_statistic": 7.372164599984398,
    "p_value": 1.8903138329784126e-25,
    "passed": false
}