{
    "total_runs": 495605,
    "expected_runs": 500000.786142,
    "z_statistic": 6.215168824072875,
    "p_value": 1.5012540481488044e-18,
    "passed": false
}