{
    "total_runs": 495845,
    "expected_runs": 500000.875,
    "z_statistic": 5.875882043935424,
    "p_value": 9.590222595298452e-17,
    "passed": false
}