{
    "total_runs": 495557,
    "expected_runs": 499997.10795000003,
    "z_statistic": 6.277895535494913,
    "p_value": 6.789907962328165e-19,
    "passed": false
}