{
    "total_runs": 495950,
    "expected_runs": 499995.581368,
    "z_statistic": 5.719963813505062,
    "p_value": 6.003304059550891e-16,
    "passed": false
}