{
    "total_runs": 495188,
    "expected_runs": 499999.08703199995,
    "z_statistic": 6.8025163428414475,
    "p_value": 6.569634365465857e-22,
    "passed": false
}