{
    "total_runs": 493844,
    "expected_runs": 499998.313438,
    "z_statistic": 8.702146075262121,
    "p_value": 8.336973714707684e-35,
    "passed": false
}