{
    "total_runs": 494585,
    "expected_runs": 499998.350398,
    "z_statistic": 7.654259898651664,
    "p_value": 2.627719249835506e-27,
    "passed": false
}