{
    "total_runs": 496475,
    "expected_runs": 499997.562558,
    "z_statistic": 4.980275769087055,
    "p_value": 1.8790995286076255e-12,
    "passed": false
}