{
    "total_runs": 495574,
    "expected_runs": 499998.55795000005,
    "z_statistic": 6.255886201207185,
    "p_value": 8.977535250982827e-19,
    "passed": false
}