{
    "total_runs": 495545,
    "expected_runs": 499999.92835199996,
    "z_statistic": 6.298819381470775,
    "p_value": 5.201962791957205e-19,
    "passed": false
}