{
    "total_runs": 495222,
    "expected_runs": 499998.65855199995,
    "z_statistic": 6.75383272099762,
    "p_value": 1.280024537448239e-21,
    "passed": false
}