{
    "total_runs": 495588,
    "expected_runs": 499993.14335200004,
    "z_statistic": 6.228497129252791,
    "p_value": 1.2691630892893968e-18,
    "passed": false
}