{
    "total_runs": 497001,
    "expected_runs": 499998.9192,
    "z_statistic": 4.238301416091505,
    "p_value": 2.0491358732556793e-09,
    "passed": false
}