{
    "total_runs": 495237,
    "expected_runs": 499999.898872,
    "z_statistic": 6.734356798209195,
    "p_value": 1.669295656206671e-21,
    "passed": false
}