{
    "total_runs": 493517,
    "expected_runs": 499998.975928,
    "z_statistic": 9.165521158140638,
    "p_value": 2.0092789243537798e-38,
    "passed": false
}