{
    "total_runs": 495091,
    "expected_runs": 500000.936632,
    "z_statistic": 6.942285641642053,
    "p_value": 9.431102360584578e-23,
    "passed": false
}