{
    "total_runs": 495394,
    "expected_runs": 499999.0792,
    "z_statistic": 6.511176260214561,
    "p_value": 3.316585578075873e-20,
    "passed": false
}