{
    "total_runs": 496448,
    "expected_runs": 500000.345632,
    "z_statistic": 5.02236773040232,
    "p_value": 1.2234229615655179e-12,
    "passed": false
}