{
    "total_runs": 495335,
    "expected_runs": 500000.944888,
    "z_statistic": 6.597229055505653,
    "p_value": 1.0598003620046106e-20,
    "passed": false
}