{
    "total_runs": 495751,
    "expected_runs": 499999.52080000006,
    "z_statistic": 6.006919292691934,
    "p_value": 1.9781922639836945e-17,
    "passed": false
}