{
    "total_runs": 495239,
    "expected_runs": 499997.0181580001,
    "z_statistic": 6.727493171128517,
    "p_value": 1.832712757798769e-21,
    "passed": false
}