{
    "total_runs": 494044,
    "expected_runs": 499999.44062199997,
    "z_statistic": 8.420876946638142,
    "p_value": 1.0634779364214819e-32,
    "passed": false
}