{
    "total_runs": 496100,
    "expected_runs": 499999.35107200005,
    "z_statistic": 5.513119138387192,
    "p_value": 6.353305159139496e-15,
    "passed": false
}