{
    "total_runs": 493665,
    "expected_runs": 499994.33875,
    "z_statistic": 8.949741720475263,
    "p_value": 1.0253654130183071e-36,
    "passed": false
}