{
    "total_runs": 495185,
    "expected_runs": 499998.840958,
    "z_statistic": 6.8064143470171885,
    "p_value": 6.226718094730113e-22,
    "passed": false
}