{
    "total_runs": 496201,
    "expected_runs": 499996.01983199996,
    "z_statistic": 5.365607745582827,
    "p_value": 3.245921651395897e-14,
    "passed": false
}