{
    "total_runs": 495650,
    "expected_runs": 499997.430208,
    "z_statistic": 6.146824433831099,
    "p_value": 3.5323340069658256e-18,
    "passed": false
}