{
    "total_runs": 494118,
    "expected_runs": 499995.041848,
    "z_statistic": 8.310077099918482,
    "p_value": 6.878454478879628e-32,
    "passed": false
}