{
    "total_runs": 494922,
    "expected_runs": 500000.069752,
    "z_statistic": 7.1800742588920174,
    "p_value": 3.175379515848368e-24,
    "passed": false
}