{
    "total_runs": 495671,
    "expected_runs": 499998.8699519999,
    "z_statistic": 6.119144236884798,
    "p_value": 4.98226146174884e-18,
    "passed": false
}