{
    "total_runs": 493943,
    "expected_runs": 500000.799022,
    "z_statistic": 8.565610764479127,
    "p_value": 8.947575376982387e-34,
    "passed": false
}