{
    "total_runs": 494656,
    "expected_runs": 499994.965662,
    "z_statistic": 7.5491145424997805,
    "p_value": 1.317449689131707e-26,
    "passed": false
}