{
    "total_runs": 496246,
    "expected_runs": 499996.114062,
    "z_statistic": 5.302099764825536,
    "p_value": 6.465011231167492e-14,
    "passed": false
}