{
    "total_runs": 495666,
    "expected_runs": 500000.949438,
    "z_statistic": 6.129130693661038,
    "p_value": 4.401639968224844e-18,
    "passed": false
}