{
    "total_runs": 497071,
    "expected_runs": 499994.258208,
    "z_statistic": 4.132752914830753,
    "p_value": 5.078015045357379e-09,
    "passed": false
}