{
    "total_runs": 494993,
    "expected_runs": 500000.00594999996,
    "z_statistic": 7.079575582714574,
    "p_value": 1.3495202812074936e-23,
    "passed": false
}