{
    "total_runs": 495492,
    "expected_runs": 499997.284462,
    "z_statistic": 6.370067511402617,
    "p_value": 2.0863538482217387e-19,
    "passed": false
}