{
    "total_runs": 495948,
    "expected_runs": 499996.21976800007,
    "z_statistic": 5.723687806921412,
    "p_value": 5.7492049896767e-16,
    "passed": false
}