{
    "total_runs": 494990,
    "expected_runs": 499997.398072,
    "z_statistic": 7.080167056564861,
    "p_value": 1.338155416401342e-23,
    "passed": false
}