{
    "total_runs": 495861,
    "expected_runs": 500000.681598,
    "z_statistic": 5.8529833734387715,
    "p_value": 1.2592710732370441e-16,
    "passed": false
}