{
    "total_runs": 496264,
    "expected_runs": 499995.226798,
    "z_statistic": 5.275398240338491,
    "p_value": 8.616876148739317e-14,
    "passed": false
}