{
    "total_runs": 495770,
    "expected_runs": 499997.666638,
    "z_statistic": 5.97744913309308,
    "p_value": 2.8296541179656033e-17,
    "passed": false
}