{
    "total_runs": 496022,
    "expected_runs": 500000.922382,
    "z_statistic": 5.625632655992625,
    "p_value": 1.7791158621685214e-15,
    "passed": false
}