{
    "total_runs": 495495,
    "expected_runs": 499995.574782,
    "z_statistic": 6.363428727592487,
    "p_value": 2.272706384853011e-19,
    "passed": false
}