{
    "total_runs": 493974,
    "expected_runs": 499995.802912,
    "z_statistic": 8.51478963874791,
    "p_value": 2.144088611739836e-33,
    "passed": false
}