{
    "total_runs": 495864,
    "expected_runs": 499993.182942,
    "z_statistic": 5.838223579998327,
    "p_value": 1.5001255130090766e-16,
    "passed": false
}