{
    "total_runs": 494888,
    "expected_runs": 500000.99903199996,
    "z_statistic": 7.229458375888713,
    "p_value": 1.5482059724565277e-24,
    "passed": false
}