{
    "total_runs": 494972,
    "expected_runs": 499998.544672,
    "z_statistic": 7.107228334607696,
    "p_value": 9.081193366156418e-24,
    "passed": false
}