{
    "total_runs": 495423,
    "expected_runs": 499995.6208,
    "z_statistic": 6.465317693860781,
    "p_value": 6.055267042269165e-20,
    "passed": false
}