{
    "total_runs": 494122,
    "expected_runs": 499998.74855799996,
    "z_statistic": 8.30960071698582,
    "p_value": 6.933521546528775e-32,
    "passed": false
}