{
    "total_runs": 495003,
    "expected_runs": 499999.4512,
    "z_statistic": 7.064656720693624,
    "p_value": 1.670017914037951e-23,
    "passed": false
}