{
    "total_runs": 495174,
    "expected_runs": 499999.91660800006,
    "z_statistic": 6.823477289354285,
    "p_value": 4.922570295241049e-22,
    "passed": false
}