{
    "total_runs": 495639,
    "expected_runs": 500000.6958,
    "z_statistic": 6.166958893721167,
    "p_value": 2.7479036395377645e-18,
    "passed": false
}