{
    "total_runs": 495177,
    "expected_runs": 499995.699232,
    "z_statistic": 6.813327825069041,
    "p_value": 5.661535796934161e-22,
    "passed": false
}