{
    "total_runs": 495482,
    "expected_runs": 499998.811768,
    "z_statistic": 6.386350197061373,
    "p_value": 1.6908233170890695e-19,
    "passed": false
}