{
    "total_runs": 495031,
    "expected_runs": 499998.47774199996,
    "z_statistic": 7.023695611105337,
    "p_value": 2.9910129707252527e-23,
    "passed": false
}