{
    "total_runs": 494035,
    "expected_runs": 499999.66828800004,
    "z_statistic": 8.433923037497033,
    "p_value": 8.522531838718687e-33,
    "passed": false
}