{
    "total_runs": 495643,
    "expected_runs": 499994.61326199997,
    "z_statistic": 6.1527748720827695,
    "p_value": 3.2799471042536755e-18,
    "passed": false
}