{
    "total_runs": 493476,
    "expected_runs": 500000.989048,
    "z_statistic": 9.226313994548343,
    "p_value": 6.525608904074763e-39,
    "passed": false
}