{
    "total_runs": 495382,
    "expected_runs": 499999.51046200003,
    "z_statistic": 6.528751155843609,
    "p_value": 2.6303709206070913e-20,
    "passed": false
}