{
    "total_runs": 495340,
    "expected_runs": 499999.541368,
    "z_statistic": 6.588191602995867,
    "p_value": 1.1955234538392402e-20,
    "passed": false
}