{
    "total_runs": 495448,
    "expected_runs": 499999.56179199996,
    "z_statistic": 6.435484713794364,
    "p_value": 8.938053494836897e-20,
    "passed": false
}