{
    "total_runs": 494829,
    "expected_runs": 500000.9422,
    "z_statistic": 7.312817434849051,
    "p_value": 4.5548575161330115e-25,
    "passed": false
}