{
    "total_runs": 494118,
    "expected_runs": 499999.0792,
    "z_statistic": 8.315719698136702,
    "p_value": 6.258321413073678e-32,
    "passed": false
}