{
    "total_runs": 494002,
    "expected_runs": 499999.582072,
    "z_statistic": 8.480471743502461,
    "p_value": 3.857196475454765e-33,
    "passed": false
}