{
    "total_runs": 495128,
    "expected_runs": 499998.71875199996,
    "z_statistic": 6.886853725263495,
    "p_value": 2.0459470567269053e-22,
    "passed": false
}