{
    "total_runs": 496699,
    "expected_runs": 499998.57119199994,
    "z_statistic": 4.664906776505305,
    "p_value": 4.190676177616007e-11,
    "passed": false
}