{
    "total_runs": 494189,
    "expected_runs": 499998.428088,
    "z_statistic": 8.214400031546434,
    "p_value": 3.381227623841894e-31,
    "passed": false
}