{
    "total_runs": 495872,
    "expected_runs": 499994.8048,
    "z_statistic": 5.829184475541824,
    "p_value": 1.6694907802356817e-16,
    "passed": false
}