{
    "total_runs": 494769,
    "expected_runs": 499994.426062,
    "z_statistic": 7.388551336252625,
    "p_value": 1.480946774551009e-25,
    "passed": false
}