{
    "total_runs": 494895,
    "expected_runs": 499994.404288,
    "z_statistic": 7.210327605039388,
    "p_value": 2.0461137021608315e-24,
    "passed": false
}