{
    "total_runs": 494909,
    "expected_runs": 499998.25283199997,
    "z_statistic": 7.195915700576353,
    "p_value": 2.5231991546042996e-24,
    "passed": false
}