{
    "total_runs": 494034,
    "expected_runs": 499993.840672,
    "z_statistic": 8.4271939604542,
    "p_value": 9.554005958824652e-33,
    "passed": false
}