{
    "total_runs": 495043,
    "expected_runs": 500000.933752,
    "z_statistic": 7.010163868682,
    "p_value": 3.623374653855375e-23,
    "passed": false
}