{
    "total_runs": 494988,
    "expected_runs": 499999.087032,
    "z_statistic": 7.085360137458404,
    "p_value": 1.2423566730261416e-23,
    "passed": false
}