{
    "total_runs": 494735,
    "expected_runs": 499994.46227200003,
    "z_statistic": 7.436685900348962,
    "p_value": 7.208636884836339e-26,
    "passed": false
}