{
    "total_runs": 495752,
    "expected_runs": 499998.210478,
    "z_statistic": 6.003667727842376,
    "p_value": 2.0580604589340394e-17,
    "passed": false
}