{
    "total_runs": 496821,
    "expected_runs": 499998.963838,
    "z_statistic": 4.4929236435093,
    "p_value": 2.0985022410474428e-10,
    "passed": false
}