{
    "total_runs": 494420,
    "expected_runs": 499997.27900800004,
    "z_statistic": 7.886108088980266,
    "p_value": 6.951204566407904e-29,
    "passed": false
}