{
    "total_runs": 495116,
    "expected_runs": 500000.4798,
    "z_statistic": 6.9062905500396985,
    "p_value": 1.5604962669090676e-22,
    "passed": false
}