{
    "total_runs": 494511,
    "expected_runs": 500000.76195,
    "z_statistic": 7.76228528595144,
    "p_value": 4.901470092862703e-28,
    "passed": false
}