{
    "total_runs": 495372,
    "expected_runs": 500000.32487799996,
    "z_statistic": 6.544034436017199,
    "p_value": 2.1490876795579974e-20,
    "passed": false
}