{
    "total_runs": 495936,
    "expected_runs": 499999.183582,
    "z_statistic": 5.7448159844880795,
    "p_value": 4.495931213978027e-16,
    "passed": false
}