{
    "total_runs": 495360,
    "expected_runs": 500000.72174199997,
    "z_statistic": 6.561561064787391,
    "p_value": 1.703578050619369e-20,
    "passed": false
}