{
    "total_runs": 496053,
    "expected_runs": 499995.199582,
    "z_statistic": 5.573762561188908,
    "p_value": 3.209191452874427e-15,
    "passed": false
}