{
    "total_runs": 494671,
    "expected_runs": 500000.919198,
    "z_statistic": 7.536231020487019,
    "p_value": 1.6027637730895744e-26,
    "passed": false
}