{
    "total_runs": 494855,
    "expected_runs": 499993.596448,
    "z_statistic": 7.265766159716601,
    "p_value": 9.101815809879415e-25,
    "passed": false
}