{
    "total_runs": 495851,
    "expected_runs": 499996.91020000004,
    "z_statistic": 5.86183616713375,
    "p_value": 1.1335495707228216e-16,
    "passed": false
}