{
    "total_runs": 494929,
    "expected_runs": 499998.22934200004,
    "z_statistic": 7.167598390601361,
    "p_value": 3.8043062644789505e-24,
    "passed": false
}