{
    "total_runs": 495588,
    "expected_runs": 499994.43331199995,
    "z_statistic": 6.230305362903478,
    "p_value": 1.240539093301635e-18,
    "passed": false
}