{
    "total_runs": 495472,
    "expected_runs": 500000.491968,
    "z_statistic": 6.402847050383263,
    "p_value": 1.365763760109727e-19,
    "passed": false
}