{
    "total_runs": 494994,
    "expected_runs": 499996.026142,
    "z_statistic": 7.072589351909037,
    "p_value": 1.4912101547748005e-23,
    "passed": false
}