{
    "total_runs": 495288,
    "expected_runs": 499999.285048,
    "z_statistic": 6.661371845390729,
    "p_value": 4.485073438715525e-21,
    "passed": false
}