{
    "total_runs": 495038,
    "expected_runs": 500000.23120000004,
    "z_statistic": 7.0162512372965,
    "p_value": 3.324006002727837e-23,
    "passed": false
}