{
    "total_runs": 494674,
    "expected_runs": 499999.14140799997,
    "z_statistic": 7.529500975726295,
    "p_value": 1.775355845719381e-26,
    "passed": false
}