{
    "total_runs": 495233,
    "expected_runs": 499999.273918,
    "z_statistic": 6.739138267868883,
    "p_value": 1.5640580357490255e-21,
    "passed": false
}