{
    "total_runs": 496175,
    "expected_runs": 500000.97262200003,
    "z_statistic": 5.409328453931409,
    "p_value": 2.0106425611805653e-14,
    "passed": false
}