{
    "total_runs": 494464,
    "expected_runs": 500000.93520000007,
    "z_statistic": 7.828995654896541,
    "p_value": 1.7177460228124736e-28,
    "passed": false
}