{
    "total_runs": 495495,
    "expected_runs": 499998.34579200007,
    "z_statistic": 6.36731228188232,
    "p_value": 2.1617864404086843e-19,
    "passed": false
}