{
    "total_runs": 494423,
    "expected_runs": 499997.74875,
    "z_statistic": 7.882522331611586,
    "p_value": 7.35886128600722e-29,
    "passed": false
}