{
    "total_runs": 495745,
    "expected_runs": 500000.282398,
    "z_statistic": 6.016472500282146,
    "p_value": 1.760809369663806e-17,
    "passed": false
}