{
    "total_runs": 495946,
    "expected_runs": 499995.15863799996,
    "z_statistic": 5.725027732416238,
    "p_value": 5.660395321704119e-16,
    "passed": false
}