{
    "total_runs": 495369,
    "expected_runs": 499995.647008,
    "z_statistic": 6.541722769043426,
    "p_value": 2.2158561032644024e-20,
    "passed": false
}