{
    "total_runs": 494400,
    "expected_runs": 499996.415608,
    "z_statistic": 7.913185194233509,
    "p_value": 4.5165166556262805e-29,
    "passed": false
}