{
    "total_runs": 495377,
    "expected_runs": 500000.770158,
    "z_statistic": 6.5375872584014765,
    "p_value": 2.3404584808366533e-20,
    "passed": false
}