{
    "total_runs": 495694,
    "expected_runs": 499993.74195,
    "z_statistic": 6.079427416408478,
    "p_value": 8.139427100715709e-18,
    "passed": false
}