{
    "total_runs": 495217,
    "expected_runs": 499993.726702,
    "z_statistic": 6.753995719802874,
    "p_value": 1.2771791487427682e-21,
    "passed": false
}