{
    "total_runs": 495487,
    "expected_runs": 499993.449502,
    "z_statistic": 6.371764010298343,
    "p_value": 2.0412071450929684e-19,
    "passed": false
}