{
    "total_runs": 496234,
    "expected_runs": 499998.593182,
    "z_statistic": 5.322550142058263,
    "p_value": 5.183096846976361e-14,
    "passed": false
}