{
    "total_runs": 495121,
    "expected_runs": 500000.58595,
    "z_statistic": 6.899368129059547,
    "p_value": 1.7186778267999995e-22,
    "passed": false
}