{
    "total_runs": 494811,
    "expected_runs": 500000.982328,
    "z_statistic": 7.33832944253785,
    "p_value": 3.1236229931962243e-25,
    "passed": false
}