{
    "total_runs": 494556,
    "expected_runs": 499999.206382,
    "z_statistic": 7.69646968371094,
    "p_value": 1.3671871995611638e-27,
    "passed": false
}