{
    "total_runs": 495618,
    "expected_runs": 499998.06695800007,
    "z_statistic": 6.192972211038788,
    "p_value": 1.984188108958935e-18,
    "passed": false
}