{
    "total_runs": 495822,
    "expected_runs": 499997.738542,
    "z_statistic": 5.904010376821841,
    "p_value": 6.853423977072925e-17,
    "passed": false
}