{
    "total_runs": 495696,
    "expected_runs": 499999.090942,
    "z_statistic": 6.084098586532976,
    "p_value": 7.684100485518985e-18,
    "passed": false
}