{
    "total_runs": 495945,
    "expected_runs": 500000.320222,
    "z_statistic": 5.733682439418272,
    "p_value": 5.118463135536113e-16,
    "passed": false
}