{
    "total_runs": 494423,
    "expected_runs": 500000.272782,
    "z_statistic": 7.886052065554392,
    "p_value": 6.95739809904837e-29,
    "passed": false
}