{
    "total_runs": 495693,
    "expected_runs": 500000.974462,
    "z_statistic": 6.0909820080579795,
    "p_value": 7.058587830289702e-18,
    "passed": false
}