{
    "total_runs": 494785,
    "expected_runs": 500000.9819499999,
    "z_statistic": 7.375098467461844,
    "p_value": 1.8095631549040112e-25,
    "passed": false
}