{
    "total_runs": 494950,
    "expected_runs": 499994.56312800007,
    "z_statistic": 7.132767203721556,
    "p_value": 6.290325416765416e-24,
    "passed": false
}