{
    "total_runs": 496157,
    "expected_runs": 500000.32255200006,
    "z_statistic": 5.4338720263819535,
    "p_value": 1.5340922066856295e-14,
    "passed": false
}