{
    "total_runs": 494086,
    "expected_runs": 500000.191008,
    "z_statistic": 8.362528450853459,
    "p_value": 2.851054162596721e-32,
    "passed": false
}