{
    "total_runs": 495225,
    "expected_runs": 500000.857422,
    "z_statistic": 6.752670050154573,
    "p_value": 1.300503433308486e-21,
    "passed": false
}