{
    "total_runs": 495073,
    "expected_runs": 500000.99864800007,
    "z_statistic": 6.967828328636604,
    "p_value": 6.587085798767643e-23,
    "passed": false
}