{
    "total_runs": 494654,
    "expected_runs": 499997.73854199995,
    "z_statistic": 7.555822592305863,
    "p_value": 1.189460544380838e-26,
    "passed": false
}