{
    "total_runs": 495517,
    "expected_runs": 499996.76595000003,
    "z_statistic": 6.333985186004815,
    "p_value": 3.3179841435638286e-19,
    "passed": false
}