{
    "total_runs": 495545,
    "expected_runs": 500000.301438,
    "z_statistic": 6.299342305479892,
    "p_value": 5.167386709177185e-19,
    "passed": false
}