{
    "total_runs": 495504,
    "expected_runs": 500000.96875,
    "z_statistic": 6.358260379646885,
    "p_value": 2.429086011591234e-19,
    "passed": false
}