{
    "total_runs": 493909,
    "expected_runs": 499996.742638,
    "z_statistic": 8.608027284310694,
    "p_value": 4.297621479470958e-34,
    "passed": false
}