{
    "total_runs": 495901,
    "expected_runs": 499994.34604800004,
    "z_statistic": 5.787528302876638,
    "p_value": 2.727539440573241e-16,
    "passed": false
}