{
    "total_runs": 495292,
    "expected_runs": 499998.575598,
    "z_statistic": 6.654721096901795,
    "p_value": 4.9051928041540114e-21,
    "passed": false
}