{
    "total_runs": 496020,
    "expected_runs": 500000.955598,
    "z_statistic": 5.628507684168278,
    "p_value": 1.7216181395751833e-15,
    "passed": false
}