{
    "total_runs": 494446,
    "expected_runs": 500000.375038,
    "z_statistic": 7.853668112172061,
    "p_value": 1.1629802271107327e-28,
    "passed": false
}