{
    "total_runs": 495521,
    "expected_runs": 500000.918392,
    "z_statistic": 6.334148168563051,
    "p_value": 3.311057423408806e-19,
    "passed": false
}