{
    "total_runs": 495280,
    "expected_runs": 499999.99179999996,
    "z_statistic": 6.673675661086969,
    "p_value": 3.799528264611116e-21,
    "passed": false
}