{
    "total_runs": 495474,
    "expected_runs": 499999.0,
    "z_statistic": 6.3979277478868735,
    "p_value": 1.455625305096921e-19,
    "passed": false
}