{
    "total_runs": 495722,
    "expected_runs": 499996.360942,
    "z_statistic": 6.04350107339587,
    "p_value": 1.2654691104600439e-17,
    "passed": false
}