{
    "total_runs": 496211,
    "expected_runs": 499996.978552,
    "z_statistic": 5.352811053632312,
    "p_value": 3.731725501647444e-14,
    "passed": false
}