{
    "total_runs": 495092,
    "expected_runs": 499994.797758,
    "z_statistic": 6.932274860666183,
    "p_value": 1.0851710101349695e-22,
    "passed": false
}