{
    "total_runs": 494669,
    "expected_runs": 499998.943608,
    "z_statistic": 7.536295318709822,
    "p_value": 1.601197797757035e-26,
    "passed": false
}