{
    "total_runs": 494626,
    "expected_runs": 499999.99747199996,
    "z_statistic": 7.598581131079385,
    "p_value": 6.187653969125663e-27,
    "passed": false
}