{
    "total_runs": 495333,
    "expected_runs": 499999.69427200005,
    "z_statistic": 6.598305348533029,
    "p_value": 1.04468845300867e-20,
    "passed": false
}