{
    "total_runs": 495389,
    "expected_runs": 500000.40158199996,
    "z_statistic": 6.520100248741421,
    "p_value": 2.948527036782105e-20,
    "passed": false
}