{
    "total_runs": 495010,
    "expected_runs": 500000.92394999997,
    "z_statistic": 7.05681919864248,
    "p_value": 1.867499784090524e-23,
    "passed": false
}