{
    "total_runs": 494901,
    "expected_runs": 499996.3548480001,
    "z_statistic": 7.2045726502529845,
    "p_value": 2.2248358370530464e-24,
    "passed": false
}