{
    "total_runs": 494241,
    "expected_runs": 499999.92835199996,
    "z_statistic": 8.142957819339829,
    "p_value": 1.0973178146696563e-30,
    "passed": false
}