{
    "total_runs": 494602,
    "expected_runs": 500000.366062,
    "z_statistic": 7.6330379637182855,
    "p_value": 3.644696562387557e-27,
    "passed": false
}