{
    "total_runs": 494669,
    "expected_runs": 500000.989048,
    "z_statistic": 7.5391571776817585,
    "p_value": 1.5330127062927293e-26,
    "passed": false
}