{
    "total_runs": 494662,
    "expected_runs": 500000.6472,
    "z_statistic": 7.548578387679696,
    "p_value": 1.328250077483921e-26,
    "passed": false
}