{
    "total_runs": 494466,
    "expected_runs": 499994.073358,
    "z_statistic": 7.816570388284133,
    "p_value": 2.089608438693417e-28,
    "passed": false
}