{
    "total_runs": 494233,
    "expected_runs": 499995.91195000004,
    "z_statistic": 8.148656946437614,
    "p_value": 9.9933162026825e-31,
    "passed": false
}