{
    "total_runs": 494652,
    "expected_runs": 499997.7589420001,
    "z_statistic": 7.558679579629259,
    "p_value": 1.1387671619068706e-26,
    "passed": false
}