{
    "total_runs": 493706,
    "expected_runs": 499996.170168,
    "z_statistic": 8.894315663758674,
    "p_value": 2.7737810175895313e-36,
    "passed": false
}