{
    "total_runs": 494159,
    "expected_runs": 499993.1592,
    "z_statistic": 8.249462216888084,
    "p_value": 1.8903863262841148e-31,
    "passed": false
}