{
    "total_runs": 495279,
    "expected_runs": 500000.877982,
    "z_statistic": 6.676331297718121,
    "p_value": 3.6657566557005e-21,
    "passed": false
}