{
    "total_runs": 495914,
    "expected_runs": 499996.31820000004,
    "z_statistic": 5.771909596652901,
    "p_value": 3.275826699671202e-16,
    "passed": false
}