{
    "total_runs": 494760,
    "expected_runs": 499994.51999999996,
    "z_statistic": 7.401410885235856,
    "p_value": 1.2223568402087594e-25,
    "passed": false
}