{
    "total_runs": 496013,
    "expected_runs": 499998.509088,
    "z_statistic": 5.634974864101457,
    "p_value": 1.5988857131585847e-15,
    "passed": false
}