{
    "total_runs": 494663,
    "expected_runs": 500000.99864799995,
    "z_statistic": 7.547655890777262,
    "p_value": 1.3470388419612143e-26,
    "passed": false
}