{
    "total_runs": 494700,
    "expected_runs": 500000.88383799995,
    "z_statistic": 7.495169344009224,
    "p_value": 2.987135079943962e-26,
    "passed": false
}