{
    "total_runs": 494332,
    "expected_runs": 500000.625022,
    "z_statistic": 8.015238183633468,
    "p_value": 8.777251343983385e-30,
    "passed": false
}