{
    "total_runs": 495347,
    "expected_runs": 499995.40214200004,
    "z_statistic": 6.572492722780158,
    "p_value": 1.4733308136385027e-20,
    "passed": false
}