{
    "total_runs": 495424,
    "expected_runs": 500000.513902,
    "z_statistic": 6.4707601058821,
    "p_value": 5.638976562242319e-20,
    "passed": false
}