{
    "total_runs": 495446,
    "expected_runs": 500000.873998,
    "z_statistic": 6.4401519922538455,
    "p_value": 8.41078824987814e-20,
    "passed": false
}