{
    "total_runs": 494415,
    "expected_runs": 499994.162398,
    "z_statistic": 7.888820797604974,
    "p_value": 6.657763182560249e-29,
    "passed": false
}