{
    "total_runs": 494839,
    "expected_runs": 499995.179128,
    "z_statistic": 7.290609114685206,
    "p_value": 6.3186071863645865e-25,
    "passed": false
}