{
    "total_runs": 494431,
    "expected_runs": 499997.66147200007,
    "z_statistic": 7.871086492965189,
    "p_value": 8.82413217502722e-29,
    "passed": false
}