{
    "total_runs": 495930,
    "expected_runs": 500000.67518200004,
    "z_statistic": 5.755393575748505,
    "p_value": 3.973870637496244e-16,
    "passed": false
}