{
    "total_runs": 495896,
    "expected_runs": 499994.1105280001,
    "z_statistic": 5.794269114148987,
    "p_value": 2.5198453419688603e-16,
    "passed": false
}