{
    "total_runs": 493914,
    "expected_runs": 500000.0941419999,
    "z_statistic": 8.605638254905848,
    "p_value": 4.479267934176247e-34,
    "passed": false
}