{
    "total_runs": 496178,
    "expected_runs": 500000.17567200004,
    "z_statistic": 5.4039673688358105,
    "p_value": 2.1326931873093194e-14,
    "passed": false
}