{
    "total_runs": 495470,
    "expected_runs": 499999.05166199995,
    "z_statistic": 6.4036570245030076,
    "p_value": 1.351502970364445e-19,
    "passed": false
}