{
    "total_runs": 495127,
    "expected_runs": 500000.98991799995,
    "z_statistic": 6.891448570302053,
    "p_value": 1.919180023900212e-22,
    "passed": false
}