{
    "total_runs": 495421,
    "expected_runs": 499994.14019199996,
    "z_statistic": 6.466071380613845,
    "p_value": 5.995854597339912e-20,
    "passed": false
}