{
    "total_runs": 494675,
    "expected_runs": 499994.993422,
    "z_statistic": 7.522283001924898,
    "p_value": 1.9809709757737502e-26,
    "passed": false
}