{
    "total_runs": 494926,
    "expected_runs": 499997.969278,
    "z_statistic": 7.171476996831121,
    "p_value": 3.596593285116705e-24,
    "passed": false
}