{
    "total_runs": 494272,
    "expected_runs": 499995.88,
    "z_statistic": 8.093457388837406,
    "p_value": 2.465973545617727e-30,
    "passed": false
}