{
    "total_runs": 493982,
    "expected_runs": 499994.712942,
    "z_statistic": 8.50195288021202,
    "p_value": 2.6715075881539833e-33,
    "passed": false
}