{
    "total_runs": 495481,
    "expected_runs": 499995.04874999996,
    "z_statistic": 6.3824907174966485,
    "p_value": 1.7772854652847333e-19,
    "passed": false
}