{
    "total_runs": 494355,
    "expected_runs": 499998.840958,
    "z_statistic": 7.980216672363898,
    "p_value": 1.5435365126641233e-29,
    "passed": false
}