{
    "total_runs": 494907,
    "expected_runs": 499999.221502,
    "z_statistic": 7.2001001079012035,
    "p_value": 2.3743368888530473e-24,
    "passed": false
}