{
    "total_runs": 496617,
    "expected_runs": 499996.12031200004,
    "z_statistic": 4.777430185295983,
    "p_value": 1.4155375033069507e-11,
    "passed": false
}