{
    "total_runs": 494311,
    "expected_runs": 499999.58879999997,
    "z_statistic": 8.043487920101578,
    "p_value": 5.556913241695737e-30,
    "passed": false
}