{
    "total_runs": 495021,
    "expected_runs": 499999.9342,
    "z_statistic": 7.039877064442838,
    "p_value": 2.376874123080491e-23,
    "passed": false
}