{
    "total_runs": 495666,
    "expected_runs": 499993.57334199996,
    "z_statistic": 6.118789583173446,
    "p_value": 5.0042153708175965e-18,
    "passed": false
}