{
    "total_runs": 495050,
    "expected_runs": 499993.07979999995,
    "z_statistic": 6.9892669922749056,
    "p_value": 4.868946297677644e-23,
    "passed": false
}