{
    "total_runs": 495171,
    "expected_runs": 499996.26295799995,
    "z_statistic": 6.822602741569145,
    "p_value": 4.982294462984006e-22,
    "passed": false
}