{
    "total_runs": 494635,
    "expected_runs": 499995.52194999997,
    "z_statistic": 7.579591672290569,
    "p_value": 8.275024104292449e-27,
    "passed": false
}