{
    "total_runs": 494675,
    "expected_runs": 500000.58776799997,
    "z_statistic": 7.530110443856419,
    "p_value": 1.758995581401049e-26,
    "passed": false
}