{
    "total_runs": 494970,
    "expected_runs": 500000.19100800005,
    "z_statistic": 7.112361638965824,
    "p_value": 8.435961917569555e-24,
    "passed": false
}