{
    "total_runs": 494291,
    "expected_runs": 500000.99663799995,
    "z_statistic": 8.073740527289768,
    "p_value": 3.399934701171378e-30,
    "passed": false
}