{
    "total_runs": 494115,
    "expected_runs": 499998.52691200003,
    "z_statistic": 8.319190488155497,
    "p_value": 5.904792202918816e-32,
    "passed": false
}