{
    "total_runs": 495202,
    "expected_runs": 499994.0062,
    "z_statistic": 6.775600719846218,
    "p_value": 9.50487221997281e-22,
    "passed": false
}