{
    "total_runs": 494940,
    "expected_runs": 499999.383598,
    "z_statistic": 7.153657814350791,
    "p_value": 4.6538312931780625e-24,
    "passed": false
}