{
    "total_runs": 495129,
    "expected_runs": 500000.67999999993,
    "z_statistic": 6.888186122418413,
    "p_value": 2.0083578421759645e-22,
    "passed": false
}