{
    "total_runs": 494614,
    "expected_runs": 499997.80460800003,
    "z_statistic": 7.6124839299785405,
    "p_value": 4.999220320606334e-27,
    "passed": false
}