{
    "total_runs": 494559,
    "expected_runs": 499995.49543799995,
    "z_statistic": 7.687035994169074,
    "p_value": 1.5826256476093142e-27,
    "passed": false
}