{
    "total_runs": 495252,
    "expected_runs": 499999.310878,
    "z_statistic": 6.712319890760933,
    "p_value": 2.2522592499096093e-21,
    "passed": false
}