{
    "total_runs": 494726,
    "expected_runs": 499999.9918,
    "z_statistic": 7.457151554442538,
    "p_value": 5.300318973819636e-26,
    "passed": false
}