{
    "total_runs": 495419,
    "expected_runs": 500000.9961279999,
    "z_statistic": 6.478506903565668,
    "p_value": 5.09478632109116e-20,
    "passed": false
}