{
    "total_runs": 495873,
    "expected_runs": 499999.087032,
    "z_statistic": 5.833776346278731,
    "p_value": 1.581222113328809e-16,
    "passed": false
}