{
    "total_runs": 496147,
    "expected_runs": 500000.552542,
    "z_statistic": 5.4483369304552625,
    "p_value": 1.3072860648187113e-14,
    "passed": false
}