{
    "total_runs": 495003,
    "expected_runs": 500000.98380000005,
    "z_statistic": 7.066802489883109,
    "p_value": 1.6196557321770192e-23,
    "passed": false
}