{
    "total_runs": 495695,
    "expected_runs": 499997.34419200005,
    "z_statistic": 6.083063769787598,
    "p_value": 7.782751136345538e-18,
    "passed": false
}