{
    "total_runs": 495241,
    "expected_runs": 500000.99663799995,
    "z_statistic": 6.730237634001615,
    "p_value": 1.7655525331898256e-21,
    "passed": false
}