{
    "total_runs": 494679,
    "expected_runs": 499993.757182,
    "z_statistic": 7.514896331994642,
    "p_value": 2.215831201915126e-26,
    "passed": false
}