{
    "total_runs": 495073,
    "expected_runs": 499994.972608,
    "z_statistic": 6.959390096244456,
    "p_value": 7.417337103615845e-23,
    "passed": false
}