{
    "total_runs": 496082,
    "expected_runs": 499997.914872,
    "z_statistic": 5.536559869510275,
    "p_value": 4.88343388870838e-15,
    "passed": false
}