{
    "total_runs": 494738,
    "expected_runs": 500000.984512,
    "z_statistic": 7.44157009237764,
    "p_value": 6.699054665223498e-26,
    "passed": false
}