{
    "total_runs": 494728,
    "expected_runs": 500000.974462,
    "z_statistic": 7.455698165452258,
    "p_value": 5.4174906790554e-26,
    "passed": false
}