{
    "total_runs": 494883,
    "expected_runs": 500000.936632,
    "z_statistic": 7.23644209989587,
    "p_value": 1.398112419965417e-24,
    "passed": false
}