{
    "total_runs": 495361,
    "expected_runs": 499998.811768,
    "z_statistic": 6.55747078701162,
    "p_value": 1.7985865522785103e-20,
    "passed": false
}