{
    "total_runs": 495686,
    "expected_runs": 500000.724718,
    "z_statistic": 6.100531359272578,
    "p_value": 6.273265174831259e-18,
    "passed": false
}