{
    "total_runs": 495297,
    "expected_runs": 500000.208718,
    "z_statistic": 6.6499378660568444,
    "p_value": 5.231182157724487e-21,
    "passed": false
}