{
    "total_runs": 494651,
    "expected_runs": 500000.99539200007,
    "z_statistic": 7.564621898153242,
    "p_value": 1.0400888010936335e-26,
    "passed": false
}