{
    "total_runs": 495423,
    "expected_runs": 500000.53920000006,
    "z_statistic": 6.4722097701607195,
    "p_value": 5.532947493955356e-20,
    "passed": false
}