{
    "total_runs": 495300,
    "expected_runs": 499994.81183799997,
    "z_statistic": 6.638134516230464,
    "p_value": 6.130151404175929e-21,
    "passed": false
}