{
    "total_runs": 494465,
    "expected_runs": 499999.73595,
    "z_statistic": 7.825904215750014,
    "p_value": 1.8036238669939867e-28,
    "passed": false
}