{
    "total_runs": 494854,
    "expected_runs": 499993.89355000004,
    "z_statistic": 7.26759624762038,
    "p_value": 8.860731418532893e-25,
    "passed": false
}