{
    "total_runs": 495300,
    "expected_runs": 499994.2288,
    "z_statistic": 6.6373177054912755,
    "p_value": 6.1977318208576655e-21,
    "passed": false
}