{
    "total_runs": 495632,
    "expected_runs": 499994.875,
    "z_statistic": 6.168698348930918,
    "p_value": 2.6888294025116373e-18,
    "passed": false
}