{
    "total_runs": 494875,
    "expected_runs": 499999.742302,
    "z_statistic": 7.246084080364052,
    "p_value": 1.2143094350547594e-24,
    "passed": false
}