{
    "total_runs": 494589,
    "expected_runs": 499999.55839799996,
    "z_statistic": 7.650292910255944,
    "p_value": 2.7936225458444058e-27,
    "passed": false
}