{
    "total_runs": 495037,
    "expected_runs": 500000.927038,
    "z_statistic": 7.018639750395752,
    "p_value": 3.213351196378089e-23,
    "passed": false
}