{
    "total_runs": 496547,
    "expected_runs": 499998.5535280001,
    "z_statistic": 4.879843473792885,
    "p_value": 5.158656179166691e-12,
    "passed": false
}