{
    "total_runs": 495599,
    "expected_runs": 499997.387328,
    "z_statistic": 6.218889731882772,
    "p_value": 1.4325425484354064e-18,
    "passed": false
}