{
    "total_runs": 494194,
    "expected_runs": 499994.505592,
    "z_statistic": 8.201845995533462,
    "p_value": 4.1613375649916545e-31,
    "passed": false
}