{
    "total_runs": 494295,
    "expected_runs": 499999.761262,
    "z_statistic": 8.06635651746338,
    "p_value": 3.833722686020005e-30,
    "passed": false
}