{
    "total_runs": 494519,
    "expected_runs": 499993.749568,
    "z_statistic": 7.741163129653254,
    "p_value": 6.818794569804446e-28,
    "passed": false
}