{
    "total_runs": 495274,
    "expected_runs": 500000.988448,
    "z_statistic": 6.683557113197062,
    "p_value": 3.3249011613193934e-21,
    "passed": false
}