{
    "total_runs": 494774,
    "expected_runs": 499999.8929280001,
    "z_statistic": 7.389130801324603,
    "p_value": 1.4682062176842744e-25,
    "passed": false
}