{
    "total_runs": 495369,
    "expected_runs": 500000.8115020001,
    "z_statistic": 6.54895889985315,
    "p_value": 2.013414070943405e-20,
    "passed": false
}