{
    "total_runs": 494728,
    "expected_runs": 500000.226232,
    "z_statistic": 7.45465116397225,
    "p_value": 5.503487108964632e-26,
    "passed": false
}