{
    "total_runs": 495373,
    "expected_runs": 499999.817278,
    "z_statistic": 6.541909006126804,
    "p_value": 2.2104018568721515e-20,
    "passed": false
}