{
    "total_runs": 494851,
    "expected_runs": 499995.6796779999,
    "z_statistic": 7.2743389647816326,
    "p_value": 8.025841914048071e-25,
    "passed": false
}