{
    "total_runs": 495412,
    "expected_runs": 499996.36094199994,
    "z_statistic": 6.481911345352806,
    "p_value": 4.872373560205147e-20,
    "passed": false
}