{
    "total_runs": 495154,
    "expected_runs": 500000.2558,
    "z_statistic": 6.85223666439593,
    "p_value": 3.308203871426808e-22,
    "passed": false
}