{
    "total_runs": 494532,
    "expected_runs": 499993.07979999995,
    "z_statistic": 7.721841221852995,
    "p_value": 9.215772396706092e-28,
    "passed": false
}