{
    "total_runs": 495174,
    "expected_runs": 500000.8115020001,
    "z_statistic": 6.82473064848075,
    "p_value": 4.838209851594143e-22,
    "passed": false
}