{
    "total_runs": 495534,
    "expected_runs": 500000.905822,
    "z_statistic": 6.315745771361977,
    "p_value": 4.1908220613940753e-19,
    "passed": false
}