{
    "total_runs": 495494,
    "expected_runs": 499994.48395,
    "z_statistic": 6.363314153116473,
    "p_value": 2.2760627976448903e-19,
    "passed": false
}