{
    "total_runs": 495593,
    "expected_runs": 500000.681598,
    "z_statistic": 6.231992849509512,
    "p_value": 1.2144020622130531e-18,
    "passed": false
}