{
    "total_runs": 496746,
    "expected_runs": 499993.5579180001,
    "z_statistic": 4.5913945777353735,
    "p_value": 8.402504624080168e-11,
    "passed": false
}