{
    "total_runs": 495231,
    "expected_runs": 500000.971678,
    "z_statistic": 6.744344807627447,
    "p_value": 1.4569209927568472e-21,
    "passed": false
}