{
    "total_runs": 495566,
    "expected_runs": 500000.783518,
    "z_statistic": 6.270319498604479,
    "p_value": 7.4758792991191035e-19,
    "passed": false
}