{
    "total_runs": 495303,
    "expected_runs": 500000.804062,
    "z_statistic": 6.642286607242164,
    "p_value": 5.797727756386859e-21,
    "passed": false
}