{
    "total_runs": 494940,
    "expected_runs": 499997.94954999996,
    "z_statistic": 7.151650269349593,
    "p_value": 4.790739576785479e-24,
    "passed": false
}