{
    "total_runs": 494632,
    "expected_runs": 499997.5677999999,
    "z_statistic": 7.5866966171501184,
    "p_value": 7.422863358549505e-27,
    "passed": false
}