{
    "total_runs": 495890,
    "expected_runs": 499997.59395,
    "z_statistic": 5.807640421476628,
    "p_value": 2.1529170942818893e-16,
    "passed": false
}