{
    "total_runs": 493417,
    "expected_runs": 499999.0199500001,
    "z_statistic": 9.30700452420667,
    "p_value": 1.4501425794526858e-39,
    "passed": false
}