{
    "total_runs": 494817,
    "expected_runs": 499995.165472,
    "z_statistic": 7.32170306251519,
    "p_value": 3.9946848872992477e-25,
    "passed": false
}