{
    "total_runs": 494438,
    "expected_runs": 499999.437088,
    "z_statistic": 7.863670123020766,
    "p_value": 9.92555814762546e-29,
    "passed": false
}