{
    "total_runs": 495141,
    "expected_runs": 499999.971822,
    "z_statistic": 6.8702237639245824,
    "p_value": 2.5779887161029386e-22,
    "passed": false
}