{
    "total_runs": 494778,
    "expected_runs": 499994.527198,
    "z_statistic": 7.375964784656562,
    "p_value": 1.7863795492623155e-25,
    "passed": false
}