{
    "total_runs": 495079,
    "expected_runs": 500000.07519999996,
    "z_statistic": 6.958049945344645,
    "p_value": 7.558406453595615e-23,
    "passed": false
}