{
    "total_runs": 495246,
    "expected_runs": 500000.341048,
    "z_statistic": 6.722248235944142,
    "p_value": 1.968169337039582e-21,
    "passed": false
}