{
    "total_runs": 493908,
    "expected_runs": 499995.1859500001,
    "z_statistic": 8.607266799773756,
    "p_value": 4.354635396261327e-34,
    "passed": false
}