{
    "total_runs": 495330,
    "expected_runs": 499994.64895199996,
    "z_statistic": 6.595479374477595,
    "p_value": 1.0848297490263039e-20,
    "passed": false
}