{
    "total_runs": 495161,
    "expected_runs": 499996.864312,
    "z_statistic": 6.837587238519032,
    "p_value": 4.051350335296939e-22,
    "passed": false
}