{
    "total_runs": 493946,
    "expected_runs": 499999.299832,
    "z_statistic": 8.55927361036898,
    "p_value": 9.980527683517509e-34,
    "passed": false
}