{
    "total_runs": 496173,
    "expected_runs": 500000.94422199996,
    "z_statistic": 5.412117024951826,
    "p_value": 1.949901522743194e-14,
    "passed": false
}