{
    "total_runs": 495585,
    "expected_runs": 499999.369182,
    "z_statistic": 6.241466910337012,
    "p_value": 1.0774479020602437e-18,
    "passed": false
}