{
    "total_runs": 494012,
    "expected_runs": 500000.76195,
    "z_statistic": 8.467978189556007,
    "p_value": 4.7737943144393546e-33,
    "passed": false
}