{
    "total_runs": 496379,
    "expected_runs": 499994.76954999997,
    "z_statistic": 5.11211982407716,
    "p_value": 4.843146027343451e-13,
    "passed": false
}