{
    "total_runs": 494830,
    "expected_runs": 500000.569408,
    "z_statistic": 7.3108814644367675,
    "p_value": 4.686871648201892e-25,
    "passed": false
}