{
    "total_runs": 496292,
    "expected_runs": 499993.246078,
    "z_statistic": 5.233019340473029,
    "p_value": 1.3556346270788616e-13,
    "passed": false
}