{
    "total_runs": 495212,
    "expected_runs": 499994.606112,
    "z_statistic": 6.762298688277367,
    "p_value": 1.1402248030428649e-21,
    "passed": false
}