{
    "total_runs": 494295,
    "expected_runs": 500000.779552,
    "z_statistic": 8.067780169839104,
    "p_value": 3.7460166392459e-30,
    "passed": false
}