{
    "total_runs": 495157,
    "expected_runs": 499998.134382,
    "z_statistic": 6.845022917174508,
    "p_value": 3.6555477314470142e-22,
    "passed": false
}