{
    "total_runs": 494642,
    "expected_runs": 499999.281342,
    "z_statistic": 7.574951755245232,
    "p_value": 8.883181560464767e-27,
    "passed": false
}