{
    "total_runs": 496806,
    "expected_runs": 500000.87096800003,
    "z_statistic": 4.516816805043143,
    "p_value": 1.6835131505512966e-10,
    "passed": false
}