{
    "total_runs": 495592,
    "expected_runs": 500000.853118,
    "z_statistic": 6.233647491645396,
    "p_value": 1.1893020361493513e-18,
    "passed": false
}