{
    "total_runs": 495596,
    "expected_runs": 499998.765502,
    "z_statistic": 6.225064291101824,
    "p_value": 1.3253103803960314e-18,
    "passed": false
}