{
    "total_runs": 495118,
    "expected_runs": 500000.818798,
    "z_statistic": 6.903936855193844,
    "p_value": 1.6125923084494196e-22,
    "passed": false
}