{
    "total_runs": 495348,
    "expected_runs": 499999.071352,
    "z_statistic": 6.576219338425543,
    "p_value": 1.4020999465096516e-20,
    "passed": false
}