{
    "total_runs": 495552,
    "expected_runs": 499997.666638,
    "z_statistic": 6.2857497450455035,
    "p_value": 6.144389700609385e-19,
    "passed": false
}