{
    "total_runs": 494643,
    "expected_runs": 499994.64182200003,
    "z_statistic": 7.567046457329756,
    "p_value": 1.002306031515547e-26,
    "passed": false
}