{
    "total_runs": 495270,
    "expected_runs": 500000.99782199995,
    "z_statistic": 6.6892270990058,
    "p_value": 3.0795591337473656e-21,
    "passed": false
}