{
    "total_runs": 496015,
    "expected_runs": 500000.320222,
    "z_statistic": 5.634687355462796,
    "p_value": 1.6041541571209313e-15,
    "passed": false
}