{
    "total_runs": 494159,
    "expected_runs": 500000.75779199996,
    "z_statistic": 8.260082885298988,
    "p_value": 1.5843439719302156e-31,
    "passed": false
}