{
    "total_runs": 494838,
    "expected_runs": 499999.372792,
    "z_statistic": 7.297892939727077,
    "p_value": 5.676064240359456e-25,
    "passed": false
}