{
    "total_runs": 495941,
    "expected_runs": 499995.69271800003,
    "z_statistic": 5.732848071171458,
    "p_value": 5.168398854755931e-16,
    "passed": false
}