{
    "total_runs": 495126,
    "expected_runs": 500000.996302,
    "z_statistic": 6.892871724224411,
    "p_value": 1.8815171762647154e-22,
    "passed": false
}