{
    "total_runs": 493278,
    "expected_runs": 499994.83995,
    "z_statistic": 9.497748953233918,
    "p_value": 3.934822865410419e-41,
    "passed": false
}