{
    "total_runs": 495467,
    "expected_runs": 500000.75500000006,
    "z_statistic": 6.410286736955047,
    "p_value": 1.2401763081772605e-19,
    "passed": false
}