{
    "total_runs": 493712,
    "expected_runs": 500000.2112320001,
    "z_statistic": 8.891473420418395,
    "p_value": 2.9185257463356706e-36,
    "passed": false
}