{
    "total_runs": 495076,
    "expected_runs": 499995.988222,
    "z_statistic": 6.956569586270753,
    "p_value": 7.717323504167295e-23,
    "passed": false
}