{
    "total_runs": 494351,
    "expected_runs": 499995.09007800004,
    "z_statistic": 7.98062885178875,
    "p_value": 1.533337328482074e-29,
    "passed": false
}