{
    "total_runs": 494677,
    "expected_runs": 500000.828302,
    "z_statistic": 7.527618559825868,
    "p_value": 1.8268450243527727e-26,
    "passed": false
}