{
    "total_runs": 494930,
    "expected_runs": 499994.64895199996,
    "z_statistic": 7.161171984908677,
    "p_value": 4.174925262189302e-24,
    "passed": false
}