{
    "total_runs": 494598,
    "expected_runs": 499999.72958199994,
    "z_statistic": 7.6378044279823465,
    "p_value": 3.386751520544894e-27,
    "passed": false
}