{
    "total_runs": 496582,
    "expected_runs": 499998.61943799997,
    "z_statistic": 4.8304383314405905,
    "p_value": 8.416532854218358e-12,
    "passed": false
}