{
    "total_runs": 494653,
    "expected_runs": 500000.395,
    "z_statistic": 7.560953467557425,
    "p_value": 1.0999559677519944e-26,
    "passed": false
}