{
    "total_runs": 494851,
    "expected_runs": 500000.904952,
    "z_statistic": 7.281652598701439,
    "p_value": 7.208224155010327e-25,
    "passed": false
}