{
    "total_runs": 494317,
    "expected_runs": 499998.786592,
    "z_statistic": 8.033881007866608,
    "p_value": 6.492670482827382e-30,
    "passed": false
}