{
    "total_runs": 495256,
    "expected_runs": 499999.764408,
    "z_statistic": 6.707298323902287,
    "p_value": 2.4110297945759888e-21,
    "passed": false
}