{
    "total_runs": 495166,
    "expected_runs": 499998.14395,
    "z_statistic": 6.832308322695093,
    "p_value": 4.357807657274278e-22,
    "passed": false
}