{
    "total_runs": 494928,
    "expected_runs": 500000.513902,
    "z_statistic": 7.172210714766631,
    "p_value": 3.558583100525894e-24,
    "passed": false
}