{
    "total_runs": 495261,
    "expected_runs": 499996.28755000007,
    "z_statistic": 6.695356764452155,
    "p_value": 2.8344471025405664e-21,
    "passed": false
}