{
    "total_runs": 496024,
    "expected_runs": 500000.56940800004,
    "z_statistic": 5.6223090167918,
    "p_value": 1.847945077911959e-15,
    "passed": false
}