{
    "total_runs": 494672,
    "expected_runs": 499993.222432,
    "z_statistic": 7.524047755762054,
    "p_value": 1.9286175346751804e-26,
    "passed": false
}