{
    "total_runs": 494477,
    "expected_runs": 499996.85855799995,
    "z_statistic": 7.804909268700454,
    "p_value": 2.5108217134953743e-28,
    "passed": false
}