{
    "total_runs": 495549,
    "expected_runs": 500000.95007200004,
    "z_statistic": 6.294594585820992,
    "p_value": 5.489820853298707e-19,
    "passed": false
}