{
    "total_runs": 495637,
    "expected_runs": 500000.03395,
    "z_statistic": 6.168859490475321,
    "p_value": 2.683420703576088e-18,
    "passed": false
}