{
    "total_runs": 494697,
    "expected_runs": 500000.839822,
    "z_statistic": 7.499350397826437,
    "p_value": 2.8040749437665524e-26,
    "passed": false
}