{
    "total_runs": 494494,
    "expected_runs": 499995.41551799997,
    "z_statistic": 7.77884910592861,
    "p_value": 3.7811074374215617e-28,
    "passed": false
}