{
    "total_runs": 494302,
    "expected_runs": 499999.426462,
    "z_statistic": 8.055988912430752,
    "p_value": 4.53694313541046e-30,
    "passed": false
}