{
    "total_runs": 495409,
    "expected_runs": 499996.97287800006,
    "z_statistic": 6.487011502278701,
    "p_value": 4.5570196396749244e-20,
    "passed": false
}