{
    "total_runs": 495452,
    "expected_runs": 500000.774208,
    "z_statistic": 6.431526867938773,
    "p_value": 9.410674584825705e-20,
    "passed": false
}