{
    "total_runs": 494448,
    "expected_runs": 500000.657208,
    "z_statistic": 7.851234299880593,
    "p_value": 1.2086617613065004e-28,
    "passed": false
}