{
    "total_runs": 495988,
    "expected_runs": 499995.041848,
    "z_statistic": 5.665466224293639,
    "p_value": 1.1269352447289158e-15,
    "passed": false
}