{
    "total_runs": 495136,
    "expected_runs": 499996.8872879999,
    "z_statistic": 6.87297504742798,
    "p_value": 2.4813574492561663e-22,
    "passed": false
}