{
    "total_runs": 494838,
    "expected_runs": 500000.91095799993,
    "z_statistic": 7.300045784587159,
    "p_value": 5.498862876116299e-25,
    "passed": false
}