{
    "total_runs": 495171,
    "expected_runs": 499996.81238200003,
    "z_statistic": 6.823372253883027,
    "p_value": 4.929705718637121e-22,
    "passed": false
}