{
    "total_runs": 495308,
    "expected_runs": 500000.961358,
    "z_statistic": 6.6354358994271125,
    "p_value": 6.356243743533427e-21,
    "passed": false
}