{
    "total_runs": 495481,
    "expected_runs": 499999.716798,
    "z_statistic": 6.389032763531563,
    "p_value": 1.6331889599304899e-19,
    "passed": false
}