{
    "total_runs": 494949,
    "expected_runs": 499999.65520000004,
    "z_statistic": 7.141310076415457,
    "p_value": 5.561660000707452e-24,
    "passed": false
}