{
    "total_runs": 494896,
    "expected_runs": 500000.149792,
    "z_statistic": 7.216955918495169,
    "p_value": 1.8578347339680406e-24,
    "passed": false
}