{
    "total_runs": 494546,
    "expected_runs": 500000.440318,
    "z_statistic": 7.712337892221207,
    "p_value": 1.0684606964423777e-27,
    "passed": false
}