{
    "total_runs": 494179,
    "expected_runs": 499999.80494199996,
    "z_statistic": 8.230466751112575,
    "p_value": 2.591139291653333e-31,
    "passed": false
}