{
    "total_runs": 496549,
    "expected_runs": 499993.190848,
    "z_statistic": 4.869483248150208,
    "p_value": 5.718607912488327e-12,
    "passed": false
}