{
    "total_runs": 494771,
    "expected_runs": 499993.67320799996,
    "z_statistic": 7.384669280905397,
    "p_value": 1.5691724688149706e-25,
    "passed": false
}