{
    "total_runs": 494336,
    "expected_runs": 499997.94954999996,
    "z_statistic": 8.005840472351952,
    "p_value": 1.0215236001583107e-29,
    "passed": false
}