{
    "total_runs": 494317,
    "expected_runs": 499999.50008800003,
    "z_statistic": 8.034878582295184,
    "p_value": 6.388642654707357e-30,
    "passed": false
}