{
    "total_runs": 493917,
    "expected_runs": 499999.1911979999,
    "z_statistic": 8.600134179475194,
    "p_value": 4.9273086315596626e-34,
    "passed": false
}