{
    "total_runs": 494413,
    "expected_runs": 499997.66663799994,
    "z_statistic": 7.896549731347306,
    "p_value": 5.887405201994817e-29,
    "passed": false
}