{
    "total_runs": 494455,
    "expected_runs": 499998.428088,
    "z_statistic": 7.83821728893737,
    "p_value": 1.484943808193007e-28,
    "passed": false
}