{
    "total_runs": 494357,
    "expected_runs": 500000.91758199997,
    "z_statistic": 7.9802918912573375,
    "p_value": 1.541670248322354e-29,
    "passed": false
}