{
    "total_runs": 496266,
    "expected_runs": 499994.641822,
    "z_statistic": 5.271748657774195,
    "p_value": 8.961023543326268e-14,
    "passed": false
}