{
    "total_runs": 495419,
    "expected_runs": 499996.463928,
    "z_statistic": 6.4721560710207315,
    "p_value": 5.536839692073984e-20,
    "passed": false
}