{
    "total_runs": 494852,
    "expected_runs": 500000.78875,
    "z_statistic": 7.280075742313653,
    "p_value": 7.37722124424964e-25,
    "passed": false
}