{
    "total_runs": 495211,
    "expected_runs": 499998.205752,
    "z_statistic": 6.768754913946251,
    "p_value": 1.0438662972073038e-21,
    "passed": false
}