{
    "total_runs": 495400,
    "expected_runs": 499995.867192,
    "z_statistic": 6.498190208154918,
    "p_value": 3.934673573956199e-20,
    "passed": false
}