{
    "total_runs": 495504,
    "expected_runs": 500000.952568,
    "z_statistic": 6.358237700619617,
    "p_value": 2.4297951202279604e-19,
    "passed": false
}