{
    "total_runs": 494662,
    "expected_runs": 500000.91180000006,
    "z_statistic": 7.548948593945995,
    "p_value": 1.3207832459284744e-26,
    "passed": false
}