{
    "total_runs": 495269,
    "expected_runs": 500000.16278199997,
    "z_statistic": 6.689471559628808,
    "p_value": 3.0693938928301905e-21,
    "passed": false
}