{
    "total_runs": 493315,
    "expected_runs": 499999.67806199996,
    "z_statistic": 9.452173152189616,
    "p_value": 9.377204946691457e-41,
    "passed": false
}