{
    "total_runs": 495448,
    "expected_runs": 499995.301312,
    "z_statistic": 6.429514253656477,
    "p_value": 9.660397386268495e-20,
    "passed": false
}