{
    "total_runs": 493084,
    "expected_runs": 500000.58958200004,
    "z_statistic": 9.78012860655219,
    "p_value": 1.6526253318920661e-43,
    "passed": false
}