{
    "total_runs": 495213,
    "expected_runs": 499996.207392,
    "z_statistic": 6.763127377884036,
    "p_value": 1.1273807977664736e-21,
    "passed": false
}