{
    "total_runs": 494650,
    "expected_runs": 500000.05880799994,
    "z_statistic": 7.564725751923501,
    "p_value": 1.0384418376524015e-26,
    "passed": false
}