{
    "total_runs": 494710,
    "expected_runs": 500000.95852800005,
    "z_statistic": 7.481131715203869,
    "p_value": 3.692815330573546e-26,
    "passed": false
}