{
    "total_runs": 495425,
    "expected_runs": 499998.68875000003,
    "z_statistic": 6.466788339490017,
    "p_value": 5.939872289655694e-20,
    "passed": false
}