{
    "total_runs": 495708,
    "expected_runs": 499998.701632,
    "z_statistic": 6.0665821129847695,
    "p_value": 9.533389439294084e-18,
    "passed": false
}