{
    "total_runs": 495645,
    "expected_runs": 500000.979598,
    "z_statistic": 6.158871462656328,
    "p_value": 3.0398324893344042e-18,
    "passed": false
}