{
    "total_runs": 495832,
    "expected_runs": 500000.724718,
    "z_statistic": 5.894056065488242,
    "p_value": 7.720137061831479e-17,
    "passed": false
}