{
    "total_runs": 494179,
    "expected_runs": 499998.455232,
    "z_statistic": 8.228580180810122,
    "p_value": 2.6734634040437006e-31,
    "passed": false
}