{
    "total_runs": 494247,
    "expected_runs": 499995.18595,
    "z_statistic": 8.1278428273393,
    "p_value": 1.4058368322703272e-30,
    "passed": false
}