{
    "total_runs": 493627,
    "expected_runs": 499995.73174200003,
    "z_statistic": 9.005427476920799,
    "p_value": 3.749636368083672e-37,
    "passed": false
}