{
    "total_runs": 494708,
    "expected_runs": 500000.99438200006,
    "z_statistic": 7.484010311117053,
    "p_value": 3.535774637170928e-26,
    "passed": false
}