{
    "total_runs": 494984,
    "expected_runs": 500000.495992,
    "z_statistic": 7.092989603761282,
    "p_value": 1.1138038895503035e-23,
    "passed": false
}