{
    "total_runs": 495378,
    "expected_runs": 499996.607352,
    "z_statistic": 6.530340313884783,
    "p_value": 2.575732425623267e-20,
    "passed": false
}