{
    "total_runs": 495401,
    "expected_runs": 500000.363808,
    "z_statistic": 6.503076736409973,
    "p_value": 3.6897620989748504e-20,
    "passed": false
}