{
    "total_runs": 495085,
    "expected_runs": 499993.53475200007,
    "z_statistic": 6.940405827797225,
    "p_value": 9.683034459670164e-23,
    "passed": false
}