{
    "total_runs": 495692,
    "expected_runs": 500000.465422,
    "z_statistic": 6.091682532204447,
    "p_value": 6.997819933466466e-18,
    "passed": false
}