{
    "total_runs": 495776,
    "expected_runs": 500000.50995,
    "z_statistic": 5.972950906196864,
    "p_value": 2.988116234657332e-17,
    "passed": false
}