{
    "total_runs": 495774,
    "expected_runs": 499997.398072,
    "z_statistic": 5.971415636378784,
    "p_value": 3.0441792173989536e-17,
    "passed": false
}