{
    "total_runs": 494235,
    "expected_runs": 499997.58350199996,
    "z_statistic": 8.148165205653681,
    "p_value": 1.0074321629380567e-30,
    "passed": false
}