{
    "total_runs": 494556,
    "expected_runs": 500000.8078,
    "z_statistic": 7.698709781096494,
    "p_value": 1.3204630787217264e-27,
    "passed": false
}