{
    "total_runs": 494490,
    "expected_runs": 499994.12536799995,
    "z_statistic": 7.782701537283028,
    "p_value": 3.5593568625775777e-28,
    "passed": false
}