{
    "total_runs": 495277,
    "expected_runs": 500000.959102,
    "z_statistic": 6.679273362919688,
    "p_value": 3.522991555910637e-21,
    "passed": false
}