{
    "total_runs": 495348,
    "expected_runs": 500000.06155,
    "z_statistic": 6.577606668951964,
    "p_value": 1.3764614607983248e-20,
    "passed": false
}