{
    "total_runs": 495242,
    "expected_runs": 499997.26808799995,
    "z_statistic": 6.72360059297861,
    "p_value": 1.9323237969770953e-21,
    "passed": false
}