{
    "total_runs": 496301,
    "expected_runs": 499999.68131200003,
    "z_statistic": 5.229324852459843,
    "p_value": 1.4100218928006772e-13,
    "passed": false
}