{
    "total_runs": 496270,
    "expected_runs": 499995.89279199997,
    "z_statistic": 5.267847712820105,
    "p_value": 9.34381433700897e-14,
    "passed": false
}