{
    "total_runs": 493222,
    "expected_runs": 500000.967232,
    "z_statistic": 9.585493813009784,
    "p_value": 7.307467475828201e-42,
    "passed": false
}