{
    "total_runs": 495479,
    "expected_runs": 499999.91071200004,
    "z_statistic": 6.392132955373335,
    "p_value": 1.568996976602102e-19,
    "passed": false
}