{
    "total_runs": 495379,
    "expected_runs": 500000.95499999996,
    "z_statistic": 6.53501782026731,
    "p_value": 2.421338508864538e-20,
    "passed": false
}