{
    "total_runs": 495100,
    "expected_runs": 500000.8065579999,
    "z_statistic": 6.929375568192664,
    "p_value": 1.1301344386533724e-22,
    "passed": false
}