{
    "total_runs": 494468,
    "expected_runs": 499999.240312,
    "z_statistic": 7.820968377341191,
    "p_value": 1.9496489463979896e-28,
    "passed": false
}