{
    "total_runs": 495188,
    "expected_runs": 500000.742238,
    "z_statistic": 6.804834639678609,
    "p_value": 6.36350006439025e-22,
    "passed": false
}