{
    "total_runs": 494148,
    "expected_runs": 500000.65055200004,
    "z_statistic": 8.275489356612868,
    "p_value": 1.225781358459116e-31,
    "passed": false
}