{
    "total_runs": 494945,
    "expected_runs": 499995.62080000003,
    "z_statistic": 7.141319049368185,
    "p_value": 5.560940422236081e-24,
    "passed": false
}