{
    "total_runs": 495767,
    "expected_runs": 499994.951758,
    "z_statistic": 5.97788481504843,
    "p_value": 2.814753767732609e-17,
    "passed": false
}