{
    "total_runs": 495400,
    "expected_runs": 499999.74230200006,
    "z_statistic": 6.5036200925273135,
    "p_value": 3.6634782350197824e-20,
    "passed": false
}