{
    "total_runs": 495672,
    "expected_runs": 499999.18739200005,
    "z_statistic": 6.118175062840089,
    "p_value": 5.042481954936375e-18,
    "passed": false
}