{
    "total_runs": 495518,
    "expected_runs": 500000.978368,
    "z_statistic": 6.338474868516222,
    "p_value": 3.13230814159254e-19,
    "passed": false
}