{
    "total_runs": 494096,
    "expected_runs": 499998.396238,
    "z_statistic": 8.345878058077473,
    "p_value": 3.77294479850956e-32,
    "passed": false
}