{
    "total_runs": 494845,
    "expected_runs": 499999.3328619999,
    "z_statistic": 7.287937524858427,
    "p_value": 6.571923859437608e-25,
    "passed": false
}