{
    "total_runs": 494836,
    "expected_runs": 500000.996958,
    "z_statistic": 7.302994578488429,
    "p_value": 5.265011591699928e-25,
    "passed": false
}