{
    "total_runs": 496217,
    "expected_runs": 499993.3168,
    "z_statistic": 5.339186264886774,
    "p_value": 4.327600734949333e-14,
    "passed": false
}