{
    "total_runs": 495487,
    "expected_runs": 500000.90231800004,
    "z_statistic": 6.382208910634492,
    "p_value": 1.7837671279351122e-19,
    "passed": false
}