{
    "total_runs": 494323,
    "expected_runs": 499996.8181680001,
    "z_statistic": 8.022643488756746,
    "p_value": 7.787253642431479e-30,
    "passed": false
}