{
    "total_runs": 496061,
    "expected_runs": 499999.422912,
    "z_statistic": 5.568374446581975,
    "p_value": 3.410955239125008e-15,
    "passed": false
}