{
    "total_runs": 494944,
    "expected_runs": 499998.276222,
    "z_statistic": 7.146450698260275,
    "p_value": 5.16416033342058e-24,
    "passed": false
}