{
    "total_runs": 494684,
    "expected_runs": 500000.1288,
    "z_statistic": 7.5167403318881965,
    "p_value": 2.15473569949478e-26,
    "passed": false
}