{
    "total_runs": 495262,
    "expected_runs": 499996.91591800004,
    "z_statistic": 6.694822778779948,
    "p_value": 2.8550093752639188e-21,
    "passed": false
}