{
    "total_runs": 493732,
    "expected_runs": 499995.85436799994,
    "z_statistic": 8.857104737196224,
    "p_value": 5.39190645735864e-36,
    "passed": false
}