{
    "total_runs": 495594,
    "expected_runs": 499999.172128,
    "z_statistic": 6.2284627241084145,
    "p_value": 1.2697139917775722e-18,
    "passed": false
}