{
    "total_runs": 494985,
    "expected_runs": 499998.575598,
    "z_statistic": 7.088886765734568,
    "p_value": 1.1812044701677767e-23,
    "passed": false
}