{
    "total_runs": 495699,
    "expected_runs": 499995.777088,
    "z_statistic": 6.075209679352236,
    "p_value": 8.573373030338565e-18,
    "passed": false
}