{
    "total_runs": 494802,
    "expected_runs": 499994.39702199993,
    "z_statistic": 7.341841032205232,
    "p_value": 2.9652842313122976e-25,
    "passed": false
}