{
    "total_runs": 494815,
    "expected_runs": 499995.4888,
    "z_statistic": 7.324984046023685,
    "p_value": 3.8055827459459814e-25,
    "passed": false
}