{
    "total_runs": 495568,
    "expected_runs": 499994.103102,
    "z_statistic": 6.258127145076867,
    "p_value": 8.726223050429998e-19,
    "passed": false
}