{
    "total_runs": 494095,
    "expected_runs": 499996.82394999993,
    "z_statistic": 8.345094958333485,
    "p_value": 3.8229372497084187e-32,
    "passed": false
}