{
    "total_runs": 497879,
    "expected_runs": 500000.569408,
    "z_statistic": 2.9989405993867195,
    "p_value": 2.2238491570265063e-05,
    "passed": false
}