{
    "total_runs": 495207,
    "expected_runs": 499999.575328,
    "z_statistic": 6.776330122085494,
    "p_value": 9.410389118919137e-22,
    "passed": false
}