{
    "total_runs": 495004,
    "expected_runs": 499996.082752,
    "z_statistic": 7.05852633585387,
    "p_value": 1.8226043427605195e-23,
    "passed": false
}