{
    "total_runs": 495647,
    "expected_runs": 500000.96355,
    "z_statistic": 6.156020537699611,
    "p_value": 3.149875009271257e-18,
    "passed": false
}