{
    "total_runs": 494303,
    "expected_runs": 500000.997408,
    "z_statistic": 8.056771040964263,
    "p_value": 4.4796977475351616e-30,
    "passed": false
}