{
    "total_runs": 495995,
    "expected_runs": 499997.23523199995,
    "z_statistic": 5.658643738301123,
    "p_value": 1.2188775030872175e-15,
    "passed": false
}