{
    "total_runs": 494094,
    "expected_runs": 499999.336512,
    "z_statistic": 8.350020552403045,
    "p_value": 3.5190947876106277e-32,
    "passed": false
}