{
    "total_runs": 496482,
    "expected_runs": 500000.334142,
    "z_statistic": 4.974268271326989,
    "p_value": 1.9972218730963655e-12,
    "passed": false
}