{
    "total_runs": 494893,
    "expected_runs": 500000.40595,
    "z_statistic": 7.221557129404673,
    "p_value": 1.7373333367447776e-24,
    "passed": false
}