{
    "total_runs": 495140,
    "expected_runs": 499995.52856800007,
    "z_statistic": 6.865415267098905,
    "p_value": 2.755897993009332e-22,
    "passed": false
}