{
    "total_runs": 494990,
    "expected_runs": 499995.226798,
    "z_statistic": 7.077127122291385,
    "p_value": 1.3975918297739294e-23,
    "passed": false
}