{
    "total_runs": 495051,
    "expected_runs": 499996.250638,
    "z_statistic": 6.992292725890196,
    "p_value": 4.665283897208893e-23,
    "passed": false
}