{
    "total_runs": 493952,
    "expected_runs": 499994.55595,
    "z_statistic": 8.544160480320567,
    "p_value": 1.2947028096327754e-33,
    "passed": false
}