{
    "total_runs": 494186,
    "expected_runs": 499996.31820000004,
    "z_statistic": 8.215693515048706,
    "p_value": 3.3096140753752706e-31,
    "passed": false
}