{
    "total_runs": 494032,
    "expected_runs": 500000.457118,
    "z_statistic": 8.43926795220882,
    "p_value": 7.782695616199429e-33,
    "passed": false
}