{
    "total_runs": 494899,
    "expected_runs": 500000.32255200006,
    "z_statistic": 7.212955098319845,
    "p_value": 1.969318434769357e-24,
    "passed": false
}