{
    "total_runs": 495521,
    "expected_runs": 499997.834872,
    "z_statistic": 6.329826448346667,
    "p_value": 3.4996544302233905e-19,
    "passed": false
}