{
    "total_runs": 495359,
    "expected_runs": 499996.85855799995,
    "z_statistic": 6.557562575059413,
    "p_value": 1.7963981188750207e-20,
    "passed": false
}