{
    "total_runs": 494717,
    "expected_runs": 500000.779552,
    "z_statistic": 7.470981783391636,
    "p_value": 4.303748769063675e-26,
    "passed": false
}