{
    "total_runs": 495745,
    "expected_runs": 500000.87699200003,
    "z_statistic": 6.0173062286692955,
    "p_value": 1.7429963839491587e-17,
    "passed": false
}