{
    "total_runs": 494740,
    "expected_runs": 499996.262958,
    "z_statistic": 7.432134561707696,
    "p_value": 7.717994143305617e-26,
    "passed": false
}