{
    "total_runs": 495708,
    "expected_runs": 499996.689952,
    "z_statistic": 6.0637615515759204,
    "p_value": 9.869684393657267e-18,
    "passed": false
}