{
    "total_runs": 495405,
    "expected_runs": 499993.80278200004,
    "z_statistic": 6.488226310155851,
    "p_value": 4.484932101180319e-20,
    "passed": false
}