{
    "total_runs": 495352,
    "expected_runs": 500000.858488,
    "z_statistic": 6.573066370056041,
    "p_value": 1.462137519065403e-20,
    "passed": false
}