{
    "total_runs": 494718,
    "expected_runs": 499996.864312,
    "z_statistic": 7.464089028682184,
    "p_value": 4.774729881660146e-26,
    "passed": false
}