{
    "total_runs": 495957,
    "expected_runs": 499998.84926199995,
    "z_statistic": 5.714648411248624,
    "p_value": 6.385263642322937e-16,
    "passed": false
}