{
    "total_runs": 494686,
    "expected_runs": 499999.195,
    "z_statistic": 7.512605335475815,
    "p_value": 2.2941336522688156e-26,
    "passed": false
}