{
    "total_runs": 496304,
    "expected_runs": 500000.77555,
    "z_statistic": 5.226618252525847,
    "p_value": 1.4512214645963007e-13,
    "passed": false
}