{
    "total_runs": 496243,
    "expected_runs": 500000.54875,
    "z_statistic": 5.312566984557424,
    "p_value": 5.774149570220974e-14,
    "passed": false
}