{
    "total_runs": 495044,
    "expected_runs": 499998.662878,
    "z_statistic": 7.005569971235148,
    "p_value": 3.866831659950663e-23,
    "passed": false
}