{
    "total_runs": 494353,
    "expected_runs": 499998.64555,
    "z_statistic": 7.982771881673473,
    "p_value": 1.4813771185383062e-29,
    "passed": false
}