{
    "total_runs": 495994,
    "expected_runs": 500000.89511800004,
    "z_statistic": 5.665192393673249,
    "p_value": 1.130490252718513e-15,
    "passed": false
}