{
    "total_runs": 493410,
    "expected_runs": 500000.652222,
    "z_statistic": 9.31918202568738,
    "p_value": 1.1543628637227375e-39,
    "passed": false
}