{
    "total_runs": 494849,
    "expected_runs": 500000.997262,
    "z_statistic": 7.2846102275575895,
    "p_value": 6.901523909714089e-25,
    "passed": false
}