{
    "total_runs": 494846,
    "expected_runs": 499998.849262,
    "z_statistic": 7.285846437515816,
    "p_value": 6.777196149016094e-25,
    "passed": false
}