{
    "total_runs": 494406,
    "expected_runs": 500000.645518,
    "z_statistic": 7.91061496300431,
    "p_value": 4.705498569697759e-29,
    "passed": false
}