{
    "total_runs": 495011,
    "expected_runs": 500000.471608,
    "z_statistic": 7.054771658916523,
    "p_value": 1.9227937407042e-23,
    "passed": false
}