{
    "total_runs": 494782,
    "expected_runs": 499995.124408,
    "z_statistic": 7.37114364623468,
    "p_value": 1.919243616739672e-25,
    "passed": false
}