{
    "total_runs": 495794,
    "expected_runs": 499997.854968,
    "z_statistic": 5.943771883138327,
    "p_value": 4.2508949557795525e-17,
    "passed": false
}