{
    "total_runs": 494473,
    "expected_runs": 500000.67195,
    "z_statistic": 7.815899554488642,
    "p_value": 2.11181541280715e-28,
    "passed": false
}