{
    "total_runs": 494568,
    "expected_runs": 500000.310862,
    "z_statistic": 7.681044069103377,
    "p_value": 1.736613170242935e-27,
    "passed": false
}