{
    "total_runs": 495049,
    "expected_runs": 500000.99903199996,
    "z_statistic": 7.0017699919058405,
    "p_value": 4.080400375944498e-23,
    "passed": false
}