{
    "total_runs": 495737,
    "expected_runs": 499999.988958,
    "z_statistic": 6.027374774946031,
    "p_value": 1.541420824105642e-17,
    "passed": false
}