{
    "total_runs": 496428,
    "expected_runs": 499996.4398,
    "z_statistic": 5.045167762057608,
    "p_value": 9.682609819385638e-13,
    "passed": false
}