{
    "total_runs": 494749,
    "expected_runs": 500000.89875000005,
    "z_statistic": 7.425893730641485,
    "p_value": 8.474879512653817e-26,
    "passed": false
}