{
    "total_runs": 495486,
    "expected_runs": 499994.22143800004,
    "z_statistic": 6.374260102873039,
    "p_value": 1.9765315114066327e-19,
    "passed": false
}