{
    "total_runs": 494855,
    "expected_runs": 499999.53795,
    "z_statistic": 7.274082397615083,
    "p_value": 8.05613453991936e-25,
    "passed": false
}