{
    "total_runs": 494904,
    "expected_runs": 499993.62720000005,
    "z_statistic": 7.196511716983867,
    "p_value": 2.5014440444284544e-24,
    "passed": false
}