{
    "total_runs": 494152,
    "expected_runs": 499994.287552,
    "z_statistic": 8.260938980006236,
    "p_value": 1.5619338381772177e-31,
    "passed": false
}