{
    "total_runs": 495180,
    "expected_runs": 499998.47324799997,
    "z_statistic": 6.812970433064452,
    "p_value": 5.689466656594385e-22,
    "passed": false
}