{
    "total_runs": 495724,
    "expected_runs": 500000.51783799997,
    "z_statistic": 6.0465011434538205,
    "p_value": 1.2198019192396948e-17,
    "passed": false
}