{
    "total_runs": 495211,
    "expected_runs": 499999.90479999996,
    "z_statistic": 6.771134735004709,
    "p_value": 1.0104185527792352e-21,
    "passed": false
}