{
    "total_runs": 494527,
    "expected_runs": 499996.4034880001,
    "z_statistic": 7.733561472074294,
    "p_value": 7.677415452627979e-28,
    "passed": false
}