{
    "total_runs": 495250,
    "expected_runs": 499996.62511799997,
    "z_statistic": 6.711386126858695,
    "p_value": 2.280978659841266e-21,
    "passed": false
}