{
    "total_runs": 496446,
    "expected_runs": 499994.85398200003,
    "z_statistic": 5.017484893768776,
    "p_value": 1.2860982752887553e-12,
    "passed": false
}