{
    "total_runs": 494383,
    "expected_runs": 500000.96023799997,
    "z_statistic": 7.943581979595381,
    "p_value": 2.7786663220805855e-29,
    "passed": false
}