{
    "total_runs": 495515,
    "expected_runs": 499996.397422,
    "z_statistic": 6.336297125617368,
    "p_value": 3.2210523396063687e-19,
    "passed": false
}