{
    "total_runs": 494793,
    "expected_runs": 500000.708152,
    "z_statistic": 7.363401581864971,
    "p_value": 2.1533812979661644e-25,
    "passed": false
}