{
    "total_runs": 495155,
    "expected_runs": 499994.57747200003,
    "z_statistic": 6.842869780540903,
    "p_value": 3.766047578913635e-22,
    "passed": false
}