{
    "total_runs": 493428,
    "expected_runs": 499994.76955,
    "z_statistic": 9.285516050913289,
    "p_value": 2.167278597734424e-39,
    "passed": false
}