{
    "total_runs": 495093,
    "expected_runs": 499996.98988799995,
    "z_statistic": 6.933930407462744,
    "p_value": 1.060295215611748e-22,
    "passed": false
}