{
    "total_runs": 495371,
    "expected_runs": 500000.310862,
    "z_statistic": 6.545429013326807,
    "p_value": 2.1097738703274887e-20,
    "passed": false
}