{
    "total_runs": 495000,
    "expected_runs": 499998.97190199996,
    "z_statistic": 7.06822831828743,
    "p_value": 1.5870256337925958e-23,
    "passed": false
}