{
    "total_runs": 495258,
    "expected_runs": 499996.760128,
    "z_statistic": 6.700261444789867,
    "p_value": 2.652304454995556e-21,
    "passed": false
}