{
    "total_runs": 496131,
    "expected_runs": 499994.236158,
    "z_statistic": 5.462100645302883,
    "p_value": 1.1222555207481111e-14,
    "passed": false
}