{
    "total_runs": 495441,
    "expected_runs": 500000.892352,
    "z_statistic": 6.447248781664245,
    "p_value": 7.667416529160564e-20,
    "passed": false
}