{
    "total_runs": 495024,
    "expected_runs": 499998.705918,
    "z_statistic": 7.033914637244874,
    "p_value": 2.5870835331365128e-23,
    "passed": false
}