{
    "total_runs": 494824,
    "expected_runs": 500000.771512,
    "z_statistic": 7.319649612918912,
    "p_value": 4.117744136647419e-25,
    "passed": false
}