{
    "total_runs": 495303,
    "expected_runs": 499997.39270200004,
    "z_statistic": 6.6375074996464205,
    "p_value": 6.181963416603206e-21,
    "passed": false
}