{
    "total_runs": 497013,
    "expected_runs": 499994.162398,
    "z_statistic": 4.21464371743857,
    "p_value": 2.5161153612509223e-09,
    "passed": false
}