{
    "total_runs": 494596,
    "expected_runs": 499998.588792,
    "z_statistic": 7.639036966623029,
    "p_value": 3.3230505611657245e-27,
    "passed": false
}