{
    "total_runs": 494656,
    "expected_runs": 499998.606328,
    "z_statistic": 7.5542082785092575,
    "p_value": 1.2190870959774891e-26,
    "passed": false
}