{
    "total_runs": 495352,
    "expected_runs": 499994.36063199997,
    "z_statistic": 6.563962314761605,
    "p_value": 1.6501319631816196e-20,
    "passed": false
}