{
    "total_runs": 494709,
    "expected_runs": 500000.423262,
    "z_statistic": 7.481796957887774,
    "p_value": 3.6559199350280066e-26,
    "passed": false
}