{
    "total_runs": 496568,
    "expected_runs": 499998.9598,
    "z_statistic": 4.850715460413889,
    "p_value": 6.888581529248847e-12,
    "passed": false
}