{
    "total_runs": 494754,
    "expected_runs": 500000.7952,
    "z_statistic": 7.418677755962081,
    "p_value": 9.442113058719912e-26,
    "passed": false
}