{
    "total_runs": 494635,
    "expected_runs": 499995.841528,
    "z_statistic": 7.58003878390381,
    "p_value": 8.218648544223179e-27,
    "passed": false
}