{
    "total_runs": 495226,
    "expected_runs": 500000.982702,
    "z_statistic": 6.751431317275483,
    "p_value": 1.3226787824297012e-21,
    "passed": false
}