{
    "total_runs": 496335,
    "expected_runs": 500000.56940800004,
    "z_statistic": 5.182488220127135,
    "p_value": 2.316254520690625e-13,
    "passed": false
}