{
    "total_runs": 495657,
    "expected_runs": 499995.3552,
    "z_statistic": 6.134015799254222,
    "p_value": 4.142475758103739e-18,
    "passed": false
}