{
    "total_runs": 496019,
    "expected_runs": 499998.8658220001,
    "z_statistic": 5.626990026331926,
    "p_value": 1.7517379066670865e-15,
    "passed": false
}