{
    "total_runs": 494989,
    "expected_runs": 499999.3328619999,
    "z_statistic": 7.084290092859957,
    "p_value": 1.2615239073551427e-23,
    "passed": false
}