{
    "total_runs": 494812,
    "expected_runs": 500000.99864799995,
    "z_statistic": 7.33693806941389,
    "p_value": 3.188652996630017e-25,
    "passed": false
}