{
    "total_runs": 495263,
    "expected_runs": 500000.93155,
    "z_statistic": 6.6990337591407,
    "p_value": 2.6967797186004902e-21,
    "passed": false
}