{
    "total_runs": 495450,
    "expected_runs": 499996.8181680001,
    "z_statistic": 6.428811473686821,
    "p_value": 9.749131189009982e-20,
    "passed": false
}