{
    "total_runs": 495099,
    "expected_runs": 499998.636862,
    "z_statistic": 6.927751429846474,
    "p_value": 1.1561231024493662e-22,
    "passed": false
}