{
    "total_runs": 495878,
    "expected_runs": 500000.944888,
    "z_statistic": 5.829311006494063,
    "p_value": 1.6669946384109586e-16,
    "passed": false
}