{
    "total_runs": 495009,
    "expected_runs": 500000.723232,
    "z_statistic": 7.057952387575645,
    "p_value": 1.8375778611867494e-23,
    "passed": false
}