{
    "total_runs": 494883,
    "expected_runs": 499998.49567800004,
    "z_statistic": 7.2330253801754,
    "p_value": 1.4696507927950877e-24,
    "passed": false
}