{
    "total_runs": 494698,
    "expected_runs": 499994.272888,
    "z_statistic": 7.488747489962366,
    "p_value": 3.2916265070662166e-26,
    "passed": false
}