{
    "total_runs": 495322,
    "expected_runs": 499999.804942,
    "z_statistic": 6.614016785817284,
    "p_value": 8.468831522730789e-21,
    "passed": false
}