{
    "total_runs": 494606,
    "expected_runs": 499997.604382,
    "z_statistic": 7.623517599519391,
    "p_value": 4.2196345956678374e-27,
    "passed": false
}