{
    "total_runs": 493958,
    "expected_runs": 499998.086302,
    "z_statistic": 8.540607522132067,
    "p_value": 1.3762921729599436e-33,
    "passed": false
}