{
    "total_runs": 494307,
    "expected_runs": 500000.45084799995,
    "z_statistic": 8.050350034115398,
    "p_value": 4.971715521750768e-30,
    "passed": false
}