{
    "total_runs": 493926,
    "expected_runs": 500000.692672,
    "z_statistic": 8.589503830018513,
    "p_value": 5.922421549322688e-34,
    "passed": false
}