{
    "total_runs": 495317,
    "expected_runs": 499998.81594999996,
    "z_statistic": 6.619702314983929,
    "p_value": 7.84841177513666e-21,
    "passed": false
}