{
    "total_runs": 494421,
    "expected_runs": 500000.75500000006,
    "z_statistic": 7.889554848038679,
    "p_value": 6.580494136739266e-29,
    "passed": false
}