{
    "total_runs": 495260,
    "expected_runs": 499999.69427200005,
    "z_statistic": 6.701543208187394,
    "p_value": 2.6066442950687546e-21,
    "passed": false
}