{
    "total_runs": 494858,
    "expected_runs": 499999.38,
    "z_statistic": 7.2696186653158925,
    "p_value": 8.601664978086593e-25,
    "passed": false
}