{
    "total_runs": 496198,
    "expected_runs": 500000.877982,
    "z_statistic": 5.376668716732788,
    "p_value": 2.876533338297359e-14,
    "passed": false
}