{
    "total_runs": 494934,
    "expected_runs": 500000.320222,
    "z_statistic": 7.163454294832378,
    "p_value": 4.039377087310336e-24,
    "passed": false
}