{
    "total_runs": 494963,
    "expected_runs": 499997.573038,
    "z_statistic": 7.118596047851403,
    "p_value": 7.71311766105498e-24,
    "passed": false
}