{
    "total_runs": 495063,
    "expected_runs": 499999.152958,
    "z_statistic": 6.979386028027582,
    "p_value": 5.597322870644504e-23,
    "passed": false
}