{
    "total_runs": 494859,
    "expected_runs": 499996.17016800004,
    "z_statistic": 7.263711675255931,
    "p_value": 9.380210469079748e-25,
    "passed": false
}