{
    "total_runs": 494259,
    "expected_runs": 500000.050558,
    "z_statistic": 8.11767276234976,
    "p_value": 1.6604430028720238e-30,
    "passed": false
}