{
    "total_runs": 495289,
    "expected_runs": 500000.375038,
    "z_statistic": 6.661484588952744,
    "p_value": 4.478267442710803e-21,
    "passed": false
}