{
    "total_runs": 495237,
    "expected_runs": 499999.1182,
    "z_statistic": 6.733263271811064,
    "p_value": 1.694330991586575e-21,
    "passed": false
}