{
    "total_runs": 496281,
    "expected_runs": 500000.7688,
    "z_statistic": 5.259135704114297,
    "p_value": 1.0257672214168514e-13,
    "passed": false
}