{
    "total_runs": 495677,
    "expected_runs": 499997.738542,
    "z_statistic": 6.109072680970124,
    "p_value": 5.644304336015607e-18,
    "passed": false
}