{
    "total_runs": 495267,
    "expected_runs": 499999.56179199996,
    "z_statistic": 6.6914581048698505,
    "p_value": 2.9880101363262154e-21,
    "passed": false
}