{
    "total_runs": 494101,
    "expected_runs": 500000.887662,
    "z_statistic": 8.342288808827831,
    "p_value": 4.0075416086760113e-32,
    "passed": false
}