{
    "total_runs": 494026,
    "expected_runs": 500000.972152,
    "z_statistic": 8.448472909143735,
    "p_value": 6.655053399514884e-33,
    "passed": false
}