{
    "total_runs": 495081,
    "expected_runs": 499999.05955,
    "z_statistic": 6.9537992896058185,
    "p_value": 8.023653965924703e-23,
    "passed": false
}