{
    "total_runs": 495871,
    "expected_runs": 499997.733432,
    "z_statistic": 5.834706293200199,
    "p_value": 1.563914456161117e-16,
    "passed": false
}