{
    "total_runs": 496025,
    "expected_runs": 499998.9192,
    "z_statistic": 5.618579597133324,
    "p_value": 1.9283028749512627e-15,
    "passed": false
}