{
    "total_runs": 494320,
    "expected_runs": 500000.5198,
    "z_statistic": 8.032061642918544,
    "p_value": 6.686742545387711e-30,
    "passed": false
}