{
    "total_runs": 495209,
    "expected_runs": 499999.555,
    "z_statistic": 6.773473214069448,
    "p_value": 9.785853404445575e-22,
    "passed": false
}