{
    "total_runs": 494776,
    "expected_runs": 500000.997262,
    "z_statistic": 7.387847818176155,
    "p_value": 1.4965622013582642e-25,
    "passed": false
}