{
    "total_runs": 494129,
    "expected_runs": 499999.347438,
    "z_statistic": 8.300538183407378,
    "p_value": 8.068549405222929e-32,
    "passed": false
}