{
    "total_runs": 495489,
    "expected_runs": 499994.79071200005,
    "z_statistic": 6.370815237016018,
    "p_value": 2.066335280239866e-19,
    "passed": false
}