{
    "total_runs": 495392,
    "expected_runs": 499993.52702199994,
    "z_statistic": 6.506224950328051,
    "p_value": 3.540021291403996e-20,
    "passed": false
}