{
    "total_runs": 495346,
    "expected_runs": 499999.954542,
    "z_statistic": 6.580285177225485,
    "p_value": 1.3282659528909523e-20,
    "passed": false
}