{
    "total_runs": 494356,
    "expected_runs": 500000.289568,
    "z_statistic": 7.980827983135386,
    "p_value": 1.5284339049549105e-29,
    "passed": false
}