{
    "total_runs": 495212,
    "expected_runs": 500000.653888,
    "z_statistic": 6.770769747247197,
    "p_value": 1.0154786438366478e-21,
    "passed": false
}