{
    "total_runs": 495465,
    "expected_runs": 499998.43262200005,
    "z_statistic": 6.409860597644882,
    "p_value": 1.2470511376945806e-19,
    "passed": false
}