{
    "total_runs": 494793,
    "expected_runs": 500000.8729919999,
    "z_statistic": 7.363632273320854,
    "p_value": 2.146011764916577e-25,
    "passed": false
}