{
    "total_runs": 494807,
    "expected_runs": 499993.182942,
    "z_statistic": 7.333070686039745,
    "p_value": 3.376538237545597e-25,
    "passed": false
}