{
    "total_runs": 495296,
    "expected_runs": 500000.85311799997,
    "z_statistic": 6.6522548290795145,
    "p_value": 5.0706839165404244e-21,
    "passed": false
}