{
    "total_runs": 495131,
    "expected_runs": 500000.55064800003,
    "z_statistic": 6.885176543237668,
    "p_value": 2.0942545587329361e-22,
    "passed": false
}