{
    "total_runs": 495073,
    "expected_runs": 500000.84764799994,
    "z_statistic": 6.967616886608232,
    "p_value": 6.606720078061033e-23,
    "passed": false
}