{
    "total_runs": 494579,
    "expected_runs": 500000.997112,
    "z_statistic": 7.666447681657198,
    "p_value": 2.176734480966752e-27,
    "passed": false
}