{
    "total_runs": 495412,
    "expected_runs": 499997.844928,
    "z_statistic": 6.483990793470706,
    "p_value": 4.741273350735721e-20,
    "passed": false
}