{
    "total_runs": 496944,
    "expected_runs": 499999.9861120001,
    "z_statistic": 4.320411553278809,
    "p_value": 9.964074586634975e-10,
    "passed": false
}