{
    "total_runs": 494724,
    "expected_runs": 500000.996638,
    "z_statistic": 7.461386050664829,
    "p_value": 4.973066248131006e-26,
    "passed": false
}