{
    "total_runs": 494415,
    "expected_runs": 500000.039502,
    "z_statistic": 7.897039566736963,
    "p_value": 5.841677659568717e-29,
    "passed": false
}