{
    "total_runs": 495218,
    "expected_runs": 499993.59644800005,
    "z_statistic": 6.752399035094845,
    "p_value": 1.3053233955992075e-21,
    "passed": false
}