{
    "total_runs": 495104,
    "expected_runs": 499995.07631800004,
    "z_statistic": 6.915694182701433,
    "p_value": 1.3684701655575156e-22,
    "passed": false
}