{
    "total_runs": 494316,
    "expected_runs": 500000.1288,
    "z_statistic": 8.037171829641338,
    "p_value": 6.155731062743422e-30,
    "passed": false
}