{
    "total_runs": 495090,
    "expected_runs": 499996.57171199995,
    "z_statistic": 6.937587489574985,
    "p_value": 1.0073279657997087e-22,
    "passed": false
}