{
    "total_runs": 494013,
    "expected_runs": 499995.790008,
    "z_statistic": 8.459616705652158,
    "p_value": 5.504994844255194e-33,
    "passed": false
}