{
    "total_runs": 495542,
    "expected_runs": 500000.6128,
    "z_statistic": 6.304021359402051,
    "p_value": 4.867937715665351e-19,
    "passed": false
}