{
    "total_runs": 495335,
    "expected_runs": 500000.95499999996,
    "z_statistic": 6.597243222612012,
    "p_value": 1.0596000487832382e-20,
    "passed": false
}