{
    "total_runs": 495300,
    "expected_runs": 499996.719262,
    "z_statistic": 6.6408067205243375,
    "p_value": 5.9141133268973774e-21,
    "passed": false
}