{
    "total_runs": 495408,
    "expected_runs": 499999.625518,
    "z_statistic": 6.4921427139981995,
    "p_value": 4.260119011966765e-20,
    "passed": false
}