{
    "total_runs": 495003,
    "expected_runs": 499996.25680000003,
    "z_statistic": 7.060184249141214,
    "p_value": 1.7800269005593483e-23,
    "passed": false
}