{
    "total_runs": 495226,
    "expected_runs": 499997.49934199994,
    "z_statistic": 6.746552103491424,
    "p_value": 1.4137227835423766e-21,
    "passed": false
}