{
    "total_runs": 495702,
    "expected_runs": 500000.715742,
    "z_statistic": 6.077891344939184,
    "p_value": 8.294897684583738e-18,
    "passed": false
}