{
    "total_runs": 495358,
    "expected_runs": 499993.087758,
    "z_statistic": 6.553693465408125,
    "p_value": 1.8909695799027558e-20,
    "passed": false
}