{
    "total_runs": 494579,
    "expected_runs": 500000.47366200003,
    "z_statistic": 7.665715436801266,
    "p_value": 2.2015169910183906e-27,
    "passed": false
}