{
    "total_runs": 494246,
    "expected_runs": 499999.4158000001,
    "z_statistic": 8.135170216242695,
    "p_value": 1.2467988457971739e-30,
    "passed": false
}