{
    "total_runs": 494663,
    "expected_runs": 499997.99875,
    "z_statistic": 7.543458653541743,
    "p_value": 1.4359068587824297e-26,
    "passed": false
}