{
    "total_runs": 493957,
    "expected_runs": 500000.13407200004,
    "z_statistic": 8.544882748805493,
    "p_value": 1.2787140069876135e-33,
    "passed": false
}