{
    "total_runs": 495493,
    "expected_runs": 499994.132782,
    "z_statistic": 6.364236221979247,
    "p_value": 2.249189459048605e-19,
    "passed": false
}