{
    "total_runs": 494256,
    "expected_runs": 499998.35039800004,
    "z_statistic": 8.119538626279388,
    "p_value": 1.610527145220212e-30,
    "passed": false
}