{
    "total_runs": 495377,
    "expected_runs": 500000.79775200004,
    "z_statistic": 6.53762592142985,
    "p_value": 2.339262086027822e-20,
    "passed": false
}