{
    "total_runs": 495052,
    "expected_runs": 499996.915918,
    "z_statistic": 6.991810052718975,
    "p_value": 4.697197843631937e-23,
    "passed": false
}