{
    "total_runs": 495534,
    "expected_runs": 500000.95379199996,
    "z_statistic": 6.315813005260066,
    "p_value": 4.187220915748961e-19,
    "passed": false
}