{
    "total_runs": 494350,
    "expected_runs": 500000.70046200004,
    "z_statistic": 7.9898878032560186,
    "p_value": 1.321059922350468e-29,
    "passed": false
}