{
    "total_runs": 495327,
    "expected_runs": 500000.42754999996,
    "z_statistic": 6.6078179757064435,
    "p_value": 9.200607630707563e-21,
    "passed": false
}