{
    "total_runs": 495382,
    "expected_runs": 499998.85755,
    "z_statistic": 6.527836320318116,
    "p_value": 2.6623428994630505e-20,
    "passed": false
}