{
    "total_runs": 494273,
    "expected_runs": 500000.73935800005,
    "z_statistic": 8.098836690053446,
    "p_value": 2.2587889182853148e-30,
    "passed": false
}