{
    "total_runs": 494843,
    "expected_runs": 499997.268088,
    "z_statistic": 7.287876016018002,
    "p_value": 6.577873020033723e-25,
    "passed": false
}