{
    "total_runs": 495448,
    "expected_runs": 499994.491168,
    "z_statistic": 6.428378939909795,
    "p_value": 9.804143345019885e-20,
    "passed": false
}