{
    "total_runs": 493576,
    "expected_runs": 500000.90231800004,
    "z_statistic": 9.084771556312926,
    "p_value": 8.848303545802636e-38,
    "passed": false
}