{
    "total_runs": 494826,
    "expected_runs": 500000.50199799996,
    "z_statistic": 7.316443977743321,
    "p_value": 4.317401313469509e-25,
    "passed": false
}