{
    "total_runs": 493292,
    "expected_runs": 499998.018318,
    "z_statistic": 9.482384388185356,
    "p_value": 5.275581327902101e-41,
    "passed": false
}