{
    "total_runs": 494778,
    "expected_runs": 500000.511928,
    "z_statistic": 7.384340192849892,
    "p_value": 1.576886727630679e-25,
    "passed": false
}