{
    "total_runs": 495437,
    "expected_runs": 499998.257518,
    "z_statistic": 6.449213403572854,
    "p_value": 7.47336453901837e-20,
    "passed": false
}