{
    "total_runs": 493499,
    "expected_runs": 499999.9342,
    "z_statistic": 9.192314694510742,
    "p_value": 1.225095989896514e-38,
    "passed": false
}