{
    "total_runs": 495404,
    "expected_runs": 500000.0697520001,
    "z_statistic": 6.498422053617149,
    "p_value": 3.922698615665104e-20,
    "passed": false
}