{
    "total_runs": 495749,
    "expected_runs": 499995.08319999994,
    "z_statistic": 6.003525278158818,
    "p_value": 2.06163126560467e-17,
    "passed": false
}