{
    "total_runs": 495800,
    "expected_runs": 499996.82394999993,
    "z_statistic": 5.9338406954506295,
    "p_value": 4.7908901420770907e-17,
    "passed": false
}