{
    "total_runs": 495622,
    "expected_runs": 499997.889982,
    "z_statistic": 6.187067230215482,
    "p_value": 2.1366608343059527e-18,
    "passed": false
}