{
    "total_runs": 495834,
    "expected_runs": 499999.84479999996,
    "z_statistic": 5.889993609580243,
    "p_value": 8.104141434154626e-17,
    "passed": false
}