{
    "total_runs": 495252,
    "expected_runs": 500000.43820000003,
    "z_statistic": 6.713899032705114,
    "p_value": 2.204502009183652e-21,
    "passed": false
}