{
    "total_runs": 495641,
    "expected_runs": 500000.39279799996,
    "z_statistic": 6.163705690309605,
    "p_value": 2.8618466005748617e-18,
    "passed": false
}