{
    "total_runs": 494728,
    "expected_runs": 499996.730958,
    "z_statistic": 7.449760170414332,
    "p_value": 5.923481026011702e-26,
    "passed": false
}