{
    "total_runs": 494387,
    "expected_runs": 499994.35334200005,
    "z_statistic": 7.9286863302450445,
    "p_value": 3.5262926326048895e-29,
    "passed": false
}