{
    "total_runs": 494698,
    "expected_runs": 499997.844928,
    "z_statistic": 7.493745648703637,
    "p_value": 3.052134354898868e-26,
    "passed": false
}