{
    "total_runs": 494842,
    "expected_runs": 500000.8914219999,
    "z_statistic": 7.294361586254491,
    "p_value": 5.979062584738301e-25,
    "passed": false
}