{
    "total_runs": 494858,
    "expected_runs": 499999.84479999996,
    "z_statistic": 7.270269235445189,
    "p_value": 8.519934904229896e-25,
    "passed": false
}