{
    "total_runs": 495540,
    "expected_runs": 500000.9435519999,
    "z_statistic": 6.307313370727179,
    "p_value": 4.667595351771302e-19,
    "passed": false
}