{
    "total_runs": 494889,
    "expected_runs": 499993.726702,
    "z_statistic": 7.217864515973224,
    "p_value": 1.833400914342794e-24,
    "passed": false
}