{
    "total_runs": 495956,
    "expected_runs": 499998.100768,
    "z_statistic": 5.715012651317053,
    "p_value": 6.35834243545899e-16,
    "passed": false
}