{
    "total_runs": 495796,
    "expected_runs": 499998.62380000006,
    "z_statistic": 5.94202160081312,
    "p_value": 4.3414992866244015e-17,
    "passed": false
}