{
    "total_runs": 495270,
    "expected_runs": 499996.613278,
    "z_statistic": 6.683085021950131,
    "p_value": 3.3461798777916608e-21,
    "passed": false
}