{
    "total_runs": 495615,
    "expected_runs": 499994.206702,
    "z_statistic": 6.191803422372784,
    "p_value": 2.0134891644784452e-18,
    "passed": false
}