{
    "total_runs": 495163,
    "expected_runs": 499999.80184800003,
    "z_statistic": 6.838872946409118,
    "p_value": 3.980001167139287e-22,
    "passed": false
}