{
    "total_runs": 495168,
    "expected_runs": 499996.829728,
    "z_statistic": 6.827639224390953,
    "p_value": 4.6479136003912755e-22,
    "passed": false
}