{
    "total_runs": 494159,
    "expected_runs": 499999.901838,
    "z_statistic": 8.258886521417832,
    "p_value": 1.6161970992860458e-31,
    "passed": false
}