{
    "total_runs": 496064,
    "expected_runs": 499999.4158000001,
    "z_statistic": 5.564121813738651,
    "p_value": 3.578973143682925e-15,
    "passed": false
}