{
    "total_runs": 495427,
    "expected_runs": 499995.165472,
    "z_statistic": 6.459022722802406,
    "p_value": 6.574765502735707e-20,
    "passed": false
}