{
    "total_runs": 495064,
    "expected_runs": 500000.957368,
    "z_statistic": 6.980498448306231,
    "p_value": 5.510210949109924e-23,
    "passed": false
}