{
    "total_runs": 495584,
    "expected_runs": 500000.88955,
    "z_statistic": 6.245012271074864,
    "p_value": 1.0302195757434058e-18,
    "passed": false
}