{
    "total_runs": 494847,
    "expected_runs": 499997.83990200004,
    "z_statistic": 7.283019463569063,
    "p_value": 7.06483998242775e-25,
    "passed": false
}