{
    "total_runs": 495310,
    "expected_runs": 500000.036728,
    "z_statistic": 6.631312110717689,
    "p_value": 6.7177625711150505e-21,
    "passed": false
}