{
    "total_runs": 496324,
    "expected_runs": 499998.257518,
    "z_statistic": 5.194799093330586,
    "p_value": 2.0338005412552826e-13,
    "passed": false
}