{
    "total_runs": 495061,
    "expected_runs": 499999.482718,
    "z_statistic": 6.982676213156251,
    "p_value": 5.34354109983205e-23,
    "passed": false
}