{
    "total_runs": 495430,
    "expected_runs": 499993.604142,
    "z_statistic": 6.4525921022659345,
    "p_value": 7.150927907438678e-20,
    "passed": false
}