{
    "total_runs": 494763,
    "expected_runs": 499997.531022,
    "z_statistic": 7.401381900874706,
    "p_value": 1.2228861095303322e-25,
    "passed": false
}