{
    "total_runs": 495952,
    "expected_runs": 500000.395,
    "z_statistic": 5.72388782718535,
    "p_value": 5.73586107611193e-16,
    "passed": false
}