{
    "total_runs": 495886,
    "expected_runs": 499999.46174199996,
    "z_statistic": 5.815917063038721,
    "p_value": 1.9527427420211666e-16,
    "passed": false
}