{
    "total_runs": 496957,
    "expected_runs": 500000.45084799995,
    "z_statistic": 4.302679977745683,
    "p_value": 1.1655794449430967e-09,
    "passed": false
}