{
    "total_runs": 495132,
    "expected_runs": 500000.27759799996,
    "z_statistic": 6.883379936061145,
    "p_value": 2.1472545958445175e-22,
    "passed": false
}