{
    "total_runs": 496236,
    "expected_runs": 499995.05564800004,
    "z_statistic": 5.314756451120743,
    "p_value": 5.6390985299923836e-14,
    "passed": false
}