{
    "total_runs": 495760,
    "expected_runs": 499998.482232,
    "z_statistic": 5.992735019442315,
    "p_value": 2.3506511906260343e-17,
    "passed": false
}