{
    "total_runs": 496760,
    "expected_runs": 499998.172558,
    "z_statistic": 4.578079223772587,
    "p_value": 9.520094652469053e-11,
    "passed": false
}