{
    "total_runs": 496265,
    "expected_runs": 500000.706622,
    "z_statistic": 5.281675855372045,
    "p_value": 8.055051366812373e-14,
    "passed": false
}