{
    "total_runs": 495157,
    "expected_runs": 500000.42540799995,
    "z_statistic": 6.848231556651733,
    "p_value": 3.4968063500019582e-22,
    "passed": false
}