{
    "total_runs": 493274,
    "expected_runs": 500000.5950000001,
    "z_statistic": 9.51143536829145,
    "p_value": 3.0291250511482394e-41,
    "passed": false
}