{
    "total_runs": 495693,
    "expected_runs": 499999.38719200005,
    "z_statistic": 6.0887565981845935,
    "p_value": 7.2551103624948e-18,
    "passed": false
}