{
    "total_runs": 494216,
    "expected_runs": 499995.65355,
    "z_statistic": 8.172337608654232,
    "p_value": 6.77043059575154e-31,
    "passed": false
}