{
    "total_runs": 495822,
    "expected_runs": 500000.942878,
    "z_statistic": 5.9085041558987905,
    "p_value": 6.494301440721338e-17,
    "passed": false
}