{
    "total_runs": 494104,
    "expected_runs": 500000.16795,
    "z_statistic": 8.33704034102599,
    "p_value": 4.376894735712273e-32,
    "passed": false
}