{
    "total_runs": 495964,
    "expected_runs": 499995.53518199996,
    "z_statistic": 5.700099818022434,
    "p_value": 7.557478103687214e-16,
    "passed": false
}