{
    "total_runs": 494357,
    "expected_runs": 499994.43331199995,
    "z_statistic": 7.971225122338544,
    "p_value": 1.7835659605391513e-29,
    "passed": false
}