{
    "total_runs": 494391,
    "expected_runs": 499995.84794999997,
    "z_statistic": 7.925119433589774,
    "p_value": 3.733100202199085e-29,
    "passed": false
}