{
    "total_runs": 495767,
    "expected_runs": 499998.2152,
    "z_statistic": 5.98246102751172,
    "p_value": 2.662848755516231e-17,
    "passed": false
}