{
    "total_runs": 495494,
    "expected_runs": 500000.99047799996,
    "z_statistic": 6.372432967268187,
    "p_value": 2.0236716467372604e-19,
    "passed": false
}