{
    "total_runs": 494038,
    "expected_runs": 499996.451872,
    "z_statistic": 8.425185872214932,
    "p_value": 9.885180094245465e-33,
    "passed": false
}