{
    "total_runs": 495091,
    "expected_runs": 499999.628832,
    "z_statistic": 6.940454286365301,
    "p_value": 9.676457162442268e-23,
    "passed": false
}