{
    "total_runs": 493778,
    "expected_runs": 499994.5703019999,
    "z_statistic": 8.790256856365579,
    "p_value": 1.767355448544951e-35,
    "passed": false
}