{
    "total_runs": 494589,
    "expected_runs": 499996.8872879999,
    "z_statistic": 7.646556229079281,
    "p_value": 2.959378101728563e-27,
    "passed": false
}