{
    "total_runs": 493501,
    "expected_runs": 499997.8046079999,
    "z_statistic": 9.1865136841838,
    "p_value": 1.3637782608651225e-38,
    "passed": false
}