{
    "total_runs": 494014,
    "expected_runs": 499999.98326199997,
    "z_statistic": 8.46406171116267,
    "p_value": 5.103424485855304e-33,
    "passed": false
}