{
    "total_runs": 494792,
    "expected_runs": 499999.9342,
    "z_statistic": 7.363732660556867,
    "p_value": 2.142812663485248e-25,
    "passed": false
}