{
    "total_runs": 495041,
    "expected_runs": 499998.1582720001,
    "z_statistic": 7.009106081476139,
    "p_value": 3.6780517632751973e-23,
    "passed": false
}