{
    "total_runs": 494979,
    "expected_runs": 499999.8448,
    "z_statistic": 7.099148999041933,
    "p_value": 1.0197061844432516e-23,
    "passed": false
}