{
    "total_runs": 494315,
    "expected_runs": 499993.901088,
    "z_statistic": 8.029878731267496,
    "p_value": 6.927204843178574e-30,
    "passed": false
}