{
    "total_runs": 495136,
    "expected_runs": 499999.129822,
    "z_statistic": 6.876115655411514,
    "p_value": 2.375427950378426e-22,
    "passed": false
}