{
    "total_runs": 495194,
    "expected_runs": 500000.08063199994,
    "z_statistic": 6.7954226930589385,
    "p_value": 7.242301912314677e-22,
    "passed": false
}