{
    "total_runs": 496028,
    "expected_runs": 499997.15246199997,
    "z_statistic": 5.611858212999994,
    "p_value": 2.081910739339744e-15,
    "passed": false
}